Date,AUDTHB,AUDJPY,AUDUSD
2-Jan-06,30.08,86.47,0.7331
3-Jan-06,30.16,85.96,0.7398
4-Jan-06,30.195,86.72,0.7478
5-Jan-06,30.05,86.63,0.7475
6-Jan-06,29.99,86.28,0.7541
9-Jan-06,29.955,86.2,0.7542
10-Jan-06,29.805,85.63,0.7488
11-Jan-06,29.94,86.2,0.755
12-Jan-06,29.63,85.74,0.7503
13-Jan-06,29.895,86.23,0.755
16-Jan-06,29.93,86.69,0.7547
17-Jan-06,29.91,86.81,0.7522
18-Jan-06,29.51,86.11,0.7474
19-Jan-06,29.325,86.23,0.7471
20-Jan-06,29.335,86.25,0.748
23-Jan-06,29.5,86.19,0.7535
24-Jan-06,29.565,86.16,0.7519
25-Jan-06,29.465,87.17,0.7533
26-Jan-06,29.285,87.5,0.7517
27-Jan-06,29.245,87.88,0.7496
30-Jan-06,29.28,88.02,0.7485
31-Jan-06,29.54,88.97,0.7587
1-Feb-06,29.585,88.88,0.7527
2-Feb-06,29.66,89.27,0.7533
3-Feb-06,29.49,89.06,0.7492
6-Feb-06,29.275,88.34,0.742
7-Feb-06,29.3,87.4,0.74
8-Feb-06,29.35,87.61,0.7391
9-Feb-06,29.285,87.89,0.7399
10-Feb-06,28.945,86.94,0.7373
13-Feb-06,28.91,86.78,0.7373
14-Feb-06,29.19,87.11,0.742
15-Feb-06,29.025,86.99,0.738
16-Feb-06,29.09,86.91,0.7389
17-Feb-06,29,87.36,0.739
20-Feb-06,29.16,87.64,0.7412
21-Feb-06,29.14,87.71,0.7389
22-Feb-06,29.12,87.27,0.7363
23-Feb-06,29.045,86.53,0.7389
24-Feb-06,29.12,86.45,0.7396
27-Feb-06,28.91,85.68,0.7369
28-Feb-06,29.045,85.97,0.7425
1-Mar-06,28.965,86.47,0.7447
2-Mar-06,28.965,86.72,0.7485
3-Mar-06,28.96,86.77,0.7451
6-Mar-06,28.735,87.05,0.7404
7-Mar-06,28.655,86.47,0.7333
8-Mar-06,28.82,86.52,0.734
9-Mar-06,28.775,86.8,0.7346
10-Mar-06,28.635,87.02,0.7318
13-Mar-06,28.76,87.33,0.7349
14-Mar-06,28.895,86.65,0.7373
15-Mar-06,28.93,86.69,0.739
16-Mar-06,28.855,86.2,0.7379
17-Mar-06,28.235,84.31,0.7277
20-Mar-06,27.92,83.73,0.7203
21-Mar-06,27.85,84.04,0.7164
22-Mar-06,28.035,84.1,0.719
23-Mar-06,27.96,84.24,0.7145
24-Mar-06,27.68,83.34,0.7097
27-Mar-06,27.425,82.34,0.7054
28-Mar-06,27.415,83.13,0.7046
29-Mar-06,27.555,83.37,0.7077
30-Mar-06,27.76,83.87,0.7147
31-Mar-06,27.845,84.28,0.7163
3-Apr-06,27.78,84.24,0.7157
4-Apr-06,27.745,84.65,0.7204
5-Apr-06,27.865,85.44,0.7281
6-Apr-06,27.955,86.08,0.7309
7-Apr-06,27.74,85.86,0.7258
10-Apr-06,27.755,86.4,0.7306
11-Apr-06,27.935,86.8,0.7338
12-Apr-06,27.865,86.73,0.7319
13-Apr-06,27.735,86.28,0.7279
14-Apr-06,27.735,86.4,0.7278
17-Apr-06,28.005,86.83,0.737
18-Apr-06,28.085,86.95,0.7426
19-Apr-06,28.25,87.57,0.7468
20-Apr-06,27.895,86.72,0.738
21-Apr-06,28.055,86.47,0.7416
24-Apr-06,27.935,85.26,0.7441
25-Apr-06,28.075,85.63,0.746
26-Apr-06,28.37,86.33,0.7527
27-Apr-06,28.375,86.37,0.7568
28-Apr-06,28.44,86.26,0.7577
1-May-06,28.455,86.14,0.7596
2-May-06,28.6,86.36,0.7621
3-May-06,29.055,87.54,0.7709
4-May-06,29.115,87.59,0.771
5-May-06,29.23,87.03,0.7719
8-May-06,28.85,85.86,0.7688
9-May-06,29.135,85.9,0.774
10-May-06,29.115,85.59,0.7743
11-May-06,29.26,85.81,0.7756
12-May-06,29.27,84.99,0.7725
15-May-06,29.135,84.14,0.7613
16-May-06,29.16,84.17,0.7673
17-May-06,29.005,84.09,0.7576
18-May-06,29.13,84.69,0.7646
19-May-06,28.925,84.69,0.7583
22-May-06,28.935,84.17,0.7546
23-May-06,28.87,84.23,0.7525
24-May-06,28.965,84.9,0.752
25-May-06,29.12,85.04,0.7608
26-May-06,29.06,85.36,0.7577
29-May-06,29.005,85.29,0.7585
30-May-06,29.125,85.46,0.7622
31-May-06,28.71,84.7,0.7524
1-Jun-06,28.515,84.11,0.7469
2-Jun-06,28.68,83.99,0.7517
5-Jun-06,28.53,83.97,0.7481
6-Jun-06,28.36,83.93,0.7408
7-Jun-06,28.375,84.14,0.7409
8-Jun-06,28.56,84.72,0.742
9-Jun-06,28.735,85.29,0.7483
12-Jun-06,28.69,85.35,0.7461
13-Jun-06,28.435,85.1,0.7378
14-Jun-06,28.315,84.75,0.7369
15-Jun-06,28.53,85.24,0.7426
16-Jun-06,28.4,85.02,0.739
19-Jun-06,28.345,85.09,0.7366
20-Jun-06,28.325,84.78,0.7377
21-Jun-06,28.385,84.99,0.7399
22-Jun-06,28.195,85.22,0.7338
23-Jun-06,28.14,85.28,0.7319
26-Jun-06,28.195,85.15,0.7323
27-Jun-06,28.145,85.16,0.7328
28-Jun-06,27.98,84.88,0.7292
29-Jun-06,28.305,84.96,0.7381
30-Jun-06,28.3,84.95,0.7423
3-Jul-06,28.225,85.1,0.742
4-Jul-06,28.195,85.48,0.7446
5-Jul-06,28.3,85.8,0.7418
6-Jul-06,28.475,85.94,0.7465
7-Jul-06,28.47,85.74,0.7506
10-Jul-06,28.26,85.31,0.7467
11-Jul-06,28.48,86.03,0.753
12-Jul-06,28.5,86.83,0.7519
13-Jul-06,28.61,87,0.754
14-Jul-06,28.685,87.51,0.7534
17-Jul-06,28.575,87.66,0.7476
18-Jul-06,28.49,87.54,0.7466
19-Jul-06,28.575,87.62,0.7501
20-Jul-06,28.54,87.88,0.7509
21-Jul-06,28.535,87.4,0.7525
24-Jul-06,28.675,88.06,0.7545
25-Jul-06,28.645,88.25,0.7531
26-Jul-06,28.915,88.59,0.7619
27-Jul-06,28.845,88.33,0.763
28-Jul-06,29.075,88,0.7675
31-Jul-06,29.01,87.89,0.7662
1-Aug-06,29.025,87.75,0.766
2-Aug-06,28.905,87.61,0.7643
3-Aug-06,28.815,87.47,0.7606
4-Aug-06,28.965,87.71,0.7665
7-Aug-06,28.775,87.9,0.7634
8-Aug-06,28.495,87.66,0.7602
9-Aug-06,28.75,88.21,0.7651
10-Aug-06,28.775,88.48,0.7676
11-Aug-06,28.655,89.11,0.7661
14-Aug-06,28.375,88.66,0.7599
15-Aug-06,28.625,88.85,0.7653
16-Aug-06,28.77,88.94,0.768
17-Aug-06,28.69,88.34,0.7621
18-Aug-06,28.495,87.84,0.7585
21-Aug-06,28.605,88.4,0.763
22-Aug-06,28.695,88.88,0.7625
23-Aug-06,28.7,88.79,0.7629
24-Aug-06,28.705,88.71,0.7614
25-Aug-06,28.565,88.83,0.7575
28-Aug-06,28.575,88.95,0.7588
29-Aug-06,28.715,89.16,0.7641
30-Aug-06,28.69,89.36,0.7632
31-Aug-06,28.71,89.67,0.764
1-Sep-06,28.755,89.82,0.767
4-Sep-06,28.79,89.43,0.7706
5-Sep-06,28.825,89.53,0.7712
6-Sep-06,28.635,89.4,0.7662
7-Sep-06,28.35,88.32,0.7585
8-Sep-06,28.22,88.12,0.754
11-Sep-06,28.155,88.32,0.7507
12-Sep-06,28.16,88.54,0.7509
13-Sep-06,28.105,88.46,0.7528
14-Sep-06,28.125,88.7,0.7542
15-Sep-06,28.015,88.52,0.7528
18-Sep-06,28.175,89.19,0.7556
19-Sep-06,28.365,88.34,0.751
20-Sep-06,28.37,88.39,0.7526
21-Sep-06,28.41,88.06,0.7569
22-Sep-06,28.005,87.41,0.7499
25-Sep-06,28.26,87.88,0.7541
26-Sep-06,28.215,88.08,0.7523
27-Sep-06,28.195,88.22,0.7509
28-Sep-06,28.11,88.11,0.7487
29-Sep-06,28.04,88.22,0.7465
2-Oct-06,28.13,88.03,0.748
3-Oct-06,27.925,87.61,0.743
4-Oct-06,28.04,87.83,0.7459
5-Oct-06,28.04,87.84,0.746
6-Oct-06,27.97,88.4,0.7428
9-Oct-06,28,88.68,0.7445
10-Oct-06,27.87,89,0.7435
11-Oct-06,27.8,88.93,0.7427
12-Oct-06,28.16,89.63,0.7509
13-Oct-06,28.12,89.84,0.7511
16-Oct-06,28.22,89.72,0.7536
17-Oct-06,28.145,89.33,0.7532
18-Oct-06,28.245,89.84,0.7554
19-Oct-06,28.335,89.75,0.7595
20-Oct-06,28.25,90.05,0.7585
23-Oct-06,28.215,90.31,0.7569
24-Oct-06,28.215,90.5,0.7579
25-Oct-06,28.24,90.65,0.761
26-Oct-06,28.28,90.48,0.7641
27-Oct-06,28.205,90.35,0.7682
30-Oct-06,28.3,90.37,0.7696
31-Oct-06,28.41,90.57,0.7742
1-Nov-06,28.405,90.75,0.7749
2-Nov-06,28.42,90.7,0.7745
3-Nov-06,28.285,90.87,0.77
6-Nov-06,28.325,91.24,0.7714
7-Nov-06,28.34,91.02,0.773
8-Nov-06,28.28,90.84,0.7707
9-Nov-06,28.15,90.62,0.7684
10-Nov-06,28.08,90.27,0.7676
13-Nov-06,27.845,90.11,0.7624
14-Nov-06,27.86,89.99,0.7654
15-Nov-06,27.96,90.32,0.7655
16-Nov-06,28.015,90.61,0.7669
17-Nov-06,28.15,90.48,0.769
20-Nov-06,28.215,90.96,0.7705
21-Nov-06,28.25,90.9,0.7713
22-Nov-06,28.39,90.53,0.7758
23-Nov-06,28.3,90.03,0.7741
24-Nov-06,28.44,90.23,0.7788
27-Nov-06,28.37,90.42,0.779
28-Nov-06,28.47,91.01,0.7842
29-Nov-06,28.25,91.18,0.7834
30-Nov-06,28.31,91.3,0.7885
1-Dec-06,28.24,91.04,0.7888
4-Dec-06,28.215,91.02,0.7893
5-Dec-06,27.975,90.33,0.7867
6-Dec-06,27.98,90.41,0.7845
7-Dec-06,28.055,90.91,0.789
8-Dec-06,27.94,91.47,0.7857
11-Dec-06,27.875,91.76,0.7844
12-Dec-06,27.74,91.84,0.7863
13-Dec-06,27.72,92.41,0.7863
14-Dec-06,27.555,92.26,0.783
15-Dec-06,27.52,92.32,0.7815
18-Dec-06,27.59,92.12,0.7802
19-Dec-06,28.15,92.56,0.7837
20-Dec-06,28.155,93.05,0.7859
21-Dec-06,28.56,92.83,0.7844
22-Dec-06,28.54,93.11,0.7839
25-Dec-06,28.555,93.23,0.7843
26-Dec-06,28.46,93.12,0.7814
27-Dec-06,28.465,93.17,0.7845
28-Dec-06,28.58,94,0.7901
29-Dec-06,28.53,93.95,0.7893
1-Jan-07,28,94.02,0.7898
2-Jan-07,28.245,94.58,0.7961
3-Jan-07,28.485,94.46,0.7913
4-Jan-07,28.215,93.33,0.7843
5-Jan-07,28.035,92.39,0.7792
8-Jan-07,28.02,92.61,0.7799
9-Jan-07,28.1,93.26,0.7809
10-Jan-07,28.04,92.98,0.7768
11-Jan-07,28.17,94.09,0.7812
12-Jan-07,28.255,94.22,0.7833
15-Jan-07,28.26,94.39,0.7842
16-Jan-07,28.2,94.44,0.7829
17-Jan-07,28.365,94.9,0.7868
18-Jan-07,28.43,95.63,0.7887
19-Jan-07,28.455,95.79,0.79
22-Jan-07,28.36,95.8,0.7882
23-Jan-07,28.47,96.4,0.7924
24-Jan-07,28.115,94.75,0.7822
25-Jan-07,27.675,93.68,0.7732
26-Jan-07,27.735,94.02,0.7737
29-Jan-07,27.635,93.96,0.7716
30-Jan-07,27.66,93.94,0.7725
31-Jan-07,27.83,93.72,0.7768
1-Feb-07,27.765,93.48,0.7742
2-Feb-07,27.775,93.85,0.7751
5-Feb-07,27.78,93.35,0.7761
6-Feb-07,27.855,93.41,0.7777
7-Feb-07,27.845,93.9,0.7784
8-Feb-07,27.98,94.62,0.7818
9-Feb-07,27.795,94.55,0.7771
12-Feb-07,27.615,94.1,0.772
13-Feb-07,27.89,94.42,0.7794
14-Feb-07,28.045,94.67,0.7839
15-Feb-07,28.065,93.55,0.7848
16-Feb-07,28.11,93.91,0.7871
19-Feb-07,28.075,94.12,0.7873
20-Feb-07,28.04,94.29,0.7861
21-Feb-07,28.28,95.73,0.7915
22-Feb-07,28.175,95.87,0.7885
23-Feb-07,28.255,95.85,0.7919
26-Feb-07,28.275,95.77,0.7942
27-Feb-07,27.985,92.96,0.7882
28-Feb-07,27.98,93.31,0.7881
1-Mar-07,27.84,92.38,0.7854
2-Mar-07,27.635,91.35,0.7818
5-Mar-07,27.245,89.11,0.7709
6-Mar-07,27.295,90.3,0.7749
7-Mar-07,27.37,90.21,0.7768
8-Mar-07,27.34,90.99,0.7768
9-Mar-07,27.47,92.21,0.7798
12-Mar-07,27.655,92.48,0.7858
13-Mar-07,27.44,90.61,0.7808
14-Mar-07,27.57,92.06,0.7869
15-Mar-07,27.63,92.76,0.7894
16-Mar-07,27.785,92.86,0.7957
19-Mar-07,27.885,94.18,0.8005
20-Mar-07,27.985,94.2,0.8031
21-Mar-07,28.095,94.91,0.8078
22-Mar-07,27.94,95.22,0.8062
23-Mar-07,28.145,94.95,0.8043
26-Mar-07,28.425,95.63,0.8097
27-Mar-07,28.32,95.27,0.8084
28-Mar-07,28.165,94.1,0.8049
29-Mar-07,28.27,95.24,0.8069
30-Mar-07,28.305,95.24,0.8085
2-Apr-07,28.59,96.27,0.8166
3-Apr-07,28.43,96.74,0.8132
4-Apr-07,28.61,97.14,0.8186
5-Apr-07,28.59,97.27,0.8191
6-Apr-07,28.495,97.38,0.8164
9-Apr-07,28.525,97.48,0.8168
10-Apr-07,28.905,98.39,0.8266
11-Apr-07,28.86,98.43,0.8248
12-Apr-07,28.98,98.76,0.8289
13-Apr-07,29.16,99.47,0.8334
16-Apr-07,29.12,99.71,0.8328
17-Apr-07,29.16,99.49,0.8366
18-Apr-07,29.145,99.47,0.8385
19-Apr-07,29.015,98.96,0.8357
20-Apr-07,29.145,99.39,0.8375
23-Apr-07,28.985,98.68,0.8322
24-Apr-07,28.85,98.1,0.8278
25-Apr-07,29.08,99.15,0.8358
26-Apr-07,28.785,98.83,0.8265
27-Apr-07,28.885,99.27,0.8298
30-Apr-07,28.89,99.25,0.8307
1-May-07,28.78,99.11,0.8278
2-May-07,28.68,99.09,0.8247
3-May-07,28.62,99.17,0.8233
4-May-07,28.59,98.9,0.823
7-May-07,28.66,99.06,0.825
8-May-07,28.72,99.49,0.8287
9-May-07,28.66,99.35,0.8278
10-May-07,28.56,99.05,0.8255
11-May-07,28.775,100.15,0.8327
14-May-07,28.665,100.17,0.8322
15-May-07,28.77,100.23,0.8335
16-May-07,28.49,99.55,0.8243
17-May-07,28.51,99.91,0.8239
18-May-07,28.415,99.63,0.8226
21-May-07,28.415,99.77,0.8213
22-May-07,28.35,99.58,0.8192
23-May-07,28.505,100.14,0.8233
24-May-07,28.315,99.31,0.8185
25-May-07,28.31,99.7,0.8187
28-May-07,28.355,99.74,0.8195
29-May-07,28.345,99.57,0.8185
30-May-07,28.525,100.21,0.8237
31-May-07,28.67,100.76,0.8277
1-Jun-07,28.78,101.63,0.8327
4-Jun-07,28.78,101.55,0.8342
5-Jun-07,28.875,101.62,0.8374
6-Jun-07,29.105,101.91,0.8417
7-Jun-07,29.065,101.48,0.8395
8-Jun-07,29.265,102.88,0.8452
11-Jun-07,29.22,102.67,0.8435
12-Jun-07,29.07,102.19,0.8399
13-Jun-07,29.095,103.04,0.8401
14-Jun-07,28.965,102.72,0.8357
15-Jun-07,29.18,104,0.8426
18-Jun-07,29.17,104.25,0.8431
19-Jun-07,29.295,104.45,0.8466
20-Jun-07,29.18,104.2,0.8438
21-Jun-07,29.32,104.85,0.8472
22-Jun-07,29.325,105.06,0.8477
25-Jun-07,29.29,104.79,0.8472
26-Jun-07,29.19,104.22,0.8457
27-Jun-07,28.97,102.98,0.8383
28-Jun-07,29.255,104.32,0.8468
29-Jun-07,29.295,104.52,0.8488
2-Jul-07,29.59,105.09,0.8589
3-Jul-07,29.285,104.6,0.8543
4-Jul-07,29.31,105.19,0.8578
5-Jul-07,29.115,105.24,0.8558
6-Jul-07,29.205,105.85,0.8582
9-Jul-07,29.085,106.15,0.86
10-Jul-07,28.83,104.87,0.8616
11-Jul-07,28.76,105.59,0.8628
12-Jul-07,28.87,106.04,0.8668
13-Jul-07,29.03,106.22,0.8711
16-Jul-07,28.995,106.25,0.8717
17-Jul-07,29.095,106.73,0.873
18-Jul-07,29.395,106.98,0.8779
19-Jul-07,29.495,107.41,0.88
20-Jul-07,29.61,106.7,0.8798
23-Jul-07,29.78,106.97,0.8837
24-Jul-07,29.63,105.8,0.8813
25-Jul-07,29.805,106.52,0.8842
26-Jul-07,29.27,102.62,0.8692
27-Jul-07,28.72,100.97,0.8513
30-Jul-07,28.89,102.02,0.8563
31-Jul-07,28.745,100.75,0.851
1-Aug-07,28.93,101.72,0.8558
2-Aug-07,29.025,102.26,0.8579
3-Aug-07,28.95,100.92,0.8546
6-Aug-07,29.075,102.05,0.8583
7-Aug-07,28.995,101.59,0.855
8-Aug-07,29.295,103.21,0.8623
9-Aug-07,28.89,100.4,0.8495
10-Aug-07,28.76,99.93,0.844
13-Aug-07,28.67,99.53,0.8417
14-Aug-07,28.425,98.09,0.8343
15-Aug-07,27.965,95.33,0.8191
16-Aug-07,27.435,90.65,0.7936
17-Aug-07,27.56,91.29,0.7983
20-Aug-07,27.7,92.59,0.807
21-Aug-07,27.685,91.67,0.8011
22-Aug-07,27.895,93.24,0.8089
23-Aug-07,28.22,95.44,0.8204
24-Aug-07,28.445,96.31,0.8274
27-Aug-07,28.47,95.71,0.8276
28-Aug-07,27.97,92.93,0.8137
29-Aug-07,28.25,95.63,0.8228
30-Aug-07,28.01,94.56,0.8154
31-Aug-07,28.055,94.67,0.8177
3-Sep-07,28.21,95.33,0.8224
4-Sep-07,28.265,95.87,0.8239
5-Sep-07,28.21,94.63,0.822
6-Sep-07,28.435,95.66,0.8292
7-Sep-07,28.315,93.68,0.8262
10-Sep-07,28.24,93.84,0.8255
11-Sep-07,28.575,95.36,0.8339
12-Sep-07,28.82,96.08,0.8418
13-Sep-07,28.69,96.37,0.8378
14-Sep-07,28.84,97.06,0.8413
17-Sep-07,28.575,95.91,0.8337
18-Sep-07,29.215,98.95,0.8527
19-Sep-07,29.345,99.36,0.8566
20-Sep-07,29.545,98.89,0.8634
21-Sep-07,29.65,100.07,0.8669
24-Sep-07,29.705,99.79,0.8685
25-Sep-07,29.91,100.22,0.8738
26-Sep-07,30.01,101.21,0.8767
27-Sep-07,30.155,101.77,0.88
28-Sep-07,30.41,101.97,0.8873
1-Oct-07,30.62,103.44,0.8942
2-Oct-07,30.265,102.21,0.8835
3-Oct-07,30.21,103.03,0.8827
4-Oct-07,30.41,103.45,0.8883
5-Oct-07,30.715,105,0.8974
8-Oct-07,30.565,104.92,0.8929
9-Oct-07,30.81,105.49,0.9009
10-Oct-07,30.69,105.18,0.8976
11-Oct-07,30.755,105.59,0.8997
12-Oct-07,30.87,106.34,0.9042
15-Oct-07,30.745,105.62,0.9
16-Oct-07,30.32,103.73,0.8882
17-Oct-07,30.42,103.74,0.8903
18-Oct-07,30.635,103.48,0.8966
19-Oct-07,30.43,102.01,0.8906
22-Oct-07,30.27,101.53,0.8866
23-Oct-07,30.7,103.13,0.8986
24-Oct-07,30.83,103.05,0.903
25-Oct-07,31.01,103.73,0.9084
26-Oct-07,31.33,104.87,0.9184
29-Oct-07,31.4,105.74,0.922
30-Oct-07,31.25,105.31,0.9185
31-Oct-07,31.65,107.57,0.9323
1-Nov-07,30.945,104.56,0.9119
2-Nov-07,31.38,106.06,0.9234
5-Nov-07,31.3,105.29,0.9201
6-Nov-07,31.565,106.43,0.9281
7-Nov-07,31.555,104.78,0.9288
8-Nov-07,31.485,104.45,0.9272
9-Nov-07,30.92,101.08,0.9126
12-Nov-07,29.69,95.94,0.8768
13-Nov-07,30.325,99.45,0.8963
14-Nov-07,30.36,99.91,0.897
15-Nov-07,30.005,97.8,0.8862
16-Nov-07,30.215,99.01,0.8922
19-Nov-07,29.92,97,0.8835
20-Nov-07,30.155,97.97,0.8911
21-Nov-07,29.37,94.06,0.8687
22-Nov-07,29.485,94.62,0.8717
23-Nov-07,29.685,95.04,0.8772
26-Nov-07,29.435,93.27,0.8696
27-Nov-07,29.68,95.46,0.8771
28-Nov-07,30.135,98.05,0.8903
29-Nov-07,29.87,96.91,0.8822
30-Nov-07,29.935,98.36,0.8842
3-Dec-07,29.785,97.26,0.8803
4-Dec-07,29.56,95.85,0.8734
5-Dec-07,29.43,96.44,0.8696
6-Dec-07,29.685,97.75,0.8784
7-Dec-07,29.605,97.98,0.8775
10-Dec-07,29.85,98.82,0.8847
11-Dec-07,29.31,96.4,0.8718
12-Dec-07,29.665,99.02,0.8824
13-Dec-07,29.425,98.29,0.876
14-Dec-07,28.92,97.63,0.8614
17-Dec-07,28.82,96.77,0.8567
18-Dec-07,28.945,97.53,0.8602
19-Dec-07,28.925,97.47,0.8592
20-Dec-07,28.9,97.11,0.8585
21-Dec-07,29.23,99.02,0.8674
24-Dec-07,29.36,99.61,0.871
25-Dec-07,29.35,99.4,0.871
26-Dec-07,29.495,99.89,0.8738
27-Dec-07,29.655,99.76,0.8772
28-Dec-07,29.47,98.55,0.8749
31-Dec-07,29.5,97.51,0.8759
1-Jan-08,29.52,97.81,0.8763
2-Jan-08,29.665,96.79,0.8833
3-Jan-08,29.455,96.23,0.8803
4-Jan-08,29.14,94.57,0.8711
7-Jan-08,29.06,95.16,0.8711
8-Jan-08,29.22,95.6,0.8778
9-Jan-08,29.3,96.98,0.8829
10-Jan-08,29.7,98.01,0.8958
11-Jan-08,29.555,97.13,0.8912
14-Jan-08,29.83,97.31,0.8996
15-Jan-08,29.24,94.1,0.8825
16-Jan-08,29.105,94.41,0.8784
17-Jan-08,29.085,93.67,0.8771
18-Jan-08,29.065,93.94,0.8796
21-Jan-08,28.585,91.46,0.8624
22-Jan-08,28.86,92.69,0.869
23-Jan-08,28.975,93.15,0.874
24-Jan-08,29.155,94.28,0.8812
25-Jan-08,29.065,93.87,0.8795
28-Jan-08,29.365,94.96,0.8883
29-Jan-08,29.39,95.27,0.8897
30-Jan-08,29.615,95.37,0.8963
31-Jan-08,29.575,95.28,0.8961
1-Feb-08,29.77,96.4,0.9042
4-Feb-08,29.91,96.94,0.9086
5-Feb-08,29.495,95.69,0.896
6-Feb-08,29.485,95.39,0.8962
7-Feb-08,29.41,96.07,0.8936
8-Feb-08,29.5,96.15,0.8958
11-Feb-08,29.765,96.78,0.9044
12-Feb-08,29.7,96.85,0.9025
13-Feb-08,29.46,97.05,0.896
14-Feb-08,29.51,97.31,0.9016
15-Feb-08,29.53,97.9,0.9082
18-Feb-08,29.705,98.84,0.9134
19-Feb-08,29.855,98.96,0.9182
20-Feb-08,29.82,99.34,0.9193
21-Feb-08,29.83,98.61,0.9187
22-Feb-08,29.85,99.13,0.9242
25-Feb-08,29.91,100.12,0.9265
26-Feb-08,30.115,100.15,0.9333
27-Feb-08,30.265,100.33,0.9425
28-Feb-08,30.37,99.94,0.9488
29-Feb-08,29.315,96.73,0.9315
3-Mar-08,29.72,97.03,0.9395
4-Mar-08,29.335,95.82,0.9272
5-Mar-08,29.46,97.17,0.9334
6-Mar-08,29.225,95,0.9256
7-Mar-08,29.245,95.33,0.9274
10-Mar-08,28.925,93.44,0.9172
11-Mar-08,29.335,96.07,0.93
12-Mar-08,29.42,94.78,0.9318
13-Mar-08,29.725,95.03,0.946
14-Mar-08,29.435,92.85,0.9377
17-Mar-08,28.855,89.63,0.921
18-Mar-08,28.965,92.61,0.9284
19-Mar-08,28.44,89.95,0.912
20-Mar-08,28.16,89.28,0.8992
21-Mar-08,28.22,89.83,0.9021
24-Mar-08,28.535,91.29,0.9067
25-Mar-08,28.925,91.77,0.9177
26-Mar-08,28.915,91.1,0.9202
27-Mar-08,28.84,91.62,0.9189
28-Mar-08,28.86,91.01,0.9179
31-Mar-08,28.74,91.2,0.9127
1-Apr-08,28.555,92.39,0.9071
2-Apr-08,28.79,93.47,0.9141
3-Apr-08,28.975,93.68,0.9161
4-Apr-08,29.24,93.69,0.9231
7-Apr-08,29.29,94.76,0.9248
8-Apr-08,29.505,95.47,0.9309
9-Apr-08,29.495,94.58,0.929
10-Apr-08,29.385,94.94,0.9323
11-Apr-08,29.3,93.68,0.9278
14-Apr-08,29.29,93.72,0.9273
15-Apr-08,29.265,94.46,0.9264
16-Apr-08,29.575,95.66,0.9396
17-Apr-08,29.395,95.98,0.9367
18-Apr-08,29.35,96.8,0.9336
21-Apr-08,29.715,97.23,0.9424
22-Apr-08,29.69,97.23,0.9442
23-Apr-08,29.85,97.94,0.9485
24-Apr-08,29.69,97.94,0.9399
25-Apr-08,29.605,97.51,0.9338
28-Apr-08,29.755,97.67,0.9382
29-Apr-08,29.585,97.17,0.9334
30-Apr-08,29.83,97.95,0.9425
1-May-08,29.5,97.45,0.9335
2-May-08,29.69,98.61,0.9361
5-May-08,29.985,99.3,0.9467
6-May-08,30.1,99.46,0.9496
7-May-08,29.845,98.49,0.9413
8-May-08,30.14,97.96,0.9442
9-May-08,30.17,96.98,0.9423
12-May-08,30.47,98.4,0.9475
13-May-08,30.36,98.49,0.9395
14-May-08,30.33,98.12,0.9341
15-May-08,30.48,98.4,0.9399
16-May-08,30.845,99.41,0.9554
19-May-08,30.735,99.48,0.9531
20-May-08,30.685,99.34,0.9589
21-May-08,30.665,99.13,0.963
22-May-08,30.595,99.67,0.9576
23-May-08,30.77,99.15,0.9596
26-May-08,30.885,99.33,0.9607
27-May-08,30.85,99.93,0.9586
28-May-08,31.11,100.74,0.9627
29-May-08,31.03,100.86,0.9556
30-May-08,31.055,100.87,0.9559
2-Jun-08,31.115,99.82,0.9555
3-Jun-08,31.055,99.99,0.9523
4-Jun-08,31.29,100.74,0.9567
5-Jun-08,31.6,101.56,0.9588
6-Jun-08,31.88,101.01,0.9627
9-Jun-08,31.54,100.88,0.9491
10-Jun-08,31.245,101.55,0.9453
11-Jun-08,31.32,101.16,0.9468
12-Jun-08,30.98,100.87,0.9348
13-Jun-08,31.18,101.63,0.9395
16-Jun-08,31.295,101.77,0.94
17-Jun-08,31.26,101.87,0.9438
18-Jun-08,31.54,102.09,0.947
19-Jun-08,31.75,102.67,0.9506
20-Jun-08,31.805,102.35,0.9539
23-Jun-08,31.87,102.66,0.9526
24-Jun-08,32.015,103.08,0.956
25-Jun-08,32.235,103.5,0.9597
26-Jun-08,32.13,102.17,0.9567
27-Jun-08,32.21,101.98,0.9609
30-Jun-08,32.02,101.65,0.9579
1-Jul-08,31.92,101.34,0.9553
2-Jul-08,32.105,101.87,0.9616
3-Jul-08,32.055,102.51,0.9601
4-Jul-08,32.285,102.92,0.9633
7-Jul-08,32.165,102.45,0.9561
8-Jul-08,32.125,102.42,0.9536
9-Jul-08,32.135,102.08,0.9558
10-Jul-08,32.41,102.99,0.9621
11-Jul-08,32.555,102.76,0.9672
14-Jul-08,32.72,103.2,0.9718
15-Jul-08,32.765,102.41,0.9788
16-Jul-08,32.625,102.39,0.9744
17-Jul-08,32.52,103.29,0.9724
18-Jul-08,32.36,103.84,0.9708
21-Jul-08,32.62,103.92,0.977
22-Jul-08,32.425,104.24,0.9712
23-Jul-08,32.09,103.71,0.9609
24-Jul-08,32.085,103,0.9591
25-Jul-08,31.985,103.16,0.9564
28-Jul-08,32.04,102.88,0.9574
29-Jul-08,31.885,102.94,0.9526
30-Jul-08,31.625,102.1,0.9441
31-Jul-08,31.57,101.57,0.9418
1-Aug-08,31.145,100.06,0.9292
4-Aug-08,31.17,100.57,0.9291
5-Aug-08,30.795,99.21,0.9163
6-Aug-08,30.575,99.68,0.9093
7-Aug-08,30.46,99.14,0.9064
8-Aug-08,29.935,97.92,0.8887
11-Aug-08,29.805,97.21,0.8837
12-Aug-08,29.315,95.22,0.8719
13-Aug-08,29.44,95.73,0.8743
14-Aug-08,29.36,95.53,0.8706
15-Aug-08,29.315,95.72,0.8662
18-Aug-08,29.32,95.67,0.8688
19-Aug-08,29.74,95.72,0.8724
20-Aug-08,29.81,95.94,0.8735
21-Aug-08,29.895,95.52,0.8806
22-Aug-08,29.38,95.19,0.865
25-Aug-08,29.425,94.35,0.8632
26-Aug-08,29.285,93.73,0.8551
27-Aug-08,29.24,94.03,0.8584
28-Aug-08,29.415,94.34,0.8634
29-Aug-08,29.375,93.39,0.8582
1-Sep-08,29.145,91.8,0.8497
2-Sep-08,28.76,91,0.8375
3-Sep-08,28.75,90.51,0.8354
4-Sep-08,28.07,86.97,0.815
5-Sep-08,28.22,87.94,0.8162
8-Sep-08,28.195,88.13,0.8151
9-Sep-08,27.68,85.55,0.8014
10-Sep-08,27.61,85.6,0.7955
11-Sep-08,28.07,86.12,0.8085
12-Sep-08,28.575,88.89,0.8236
15-Sep-08,27.92,83.06,0.8065
16-Sep-08,27.23,85.11,0.7945
17-Sep-08,26.95,82.34,0.7863
18-Sep-08,27.34,85.19,0.8021
19-Sep-08,28.435,89.6,0.8339
22-Sep-08,28.585,89.11,0.8441
23-Sep-08,28.005,88.1,0.8307
24-Sep-08,28.35,88.56,0.833
25-Sep-08,28.33,88.74,0.8352
26-Sep-08,28.185,88.15,0.8312
29-Sep-08,27.315,83.29,0.8026
30-Sep-08,26.86,84.31,0.7944
1-Oct-08,26.81,83.92,0.7883
2-Oct-08,26.33,81.13,0.7722
3-Oct-08,26.45,81.43,0.7741
6-Oct-08,24.795,73.38,0.7202
7-Oct-08,24.365,71.55,0.7117
8-Oct-08,22.8,66.63,0.6638
9-Oct-08,23.43,66.48,0.6832
10-Oct-08,22.095,64.62,0.6432
13-Oct-08,23.89,72.39,0.6984
14-Oct-08,23.83,70.36,0.7001
15-Oct-08,22.405,65.53,0.6513
16-Oct-08,23.74,69.63,0.6931
17-Oct-08,23.57,69.99,0.6889
20-Oct-08,24.19,71.72,0.7056
21-Oct-08,23.17,67.71,0.6719
22-Oct-08,23.23,64.84,0.6731
23-Oct-08,23.32,65.3,0.6727
24-Oct-08,21.605,58.62,0.6234
27-Oct-08,20.98,56.4,0.602
28-Oct-08,22.59,63.82,0.6462
29-Oct-08,23.3,65.43,0.6662
30-Oct-08,23.645,66.12,0.6792
31-Oct-08,23.41,63.12,0.6679
3-Nov-08,23.69,66.85,0.6785
4-Nov-08,24.51,69.64,0.7006
5-Nov-08,23.995,66.63,0.6858
6-Nov-08,23.255,64.74,0.6649
7-Nov-08,23.62,66.92,0.6758
10-Nov-08,23.36,65.76,0.6688
11-Nov-08,22.995,63.84,0.6571
12-Nov-08,22.3,60.41,0.6378
13-Nov-08,23.305,64.97,0.6661
14-Nov-08,22.695,62.53,0.6488
17-Nov-08,22.72,62.44,0.6496
18-Nov-08,22.835,62.9,0.6521
19-Nov-08,22.365,61.22,0.638
20-Nov-08,21.395,57.31,0.6087
21-Nov-08,22.17,60.53,0.6306
24-Nov-08,23.04,62.9,0.6532
25-Nov-08,22.9,61.9,0.6501
26-Nov-08,23.05,62.48,0.6541
27-Nov-08,23.3,62.58,0.6575
28-Nov-08,23.23,61.94,0.6551
1-Dec-08,22.38,59.14,0.6401
2-Dec-08,22.53,59.89,0.6453
3-Dec-08,22.77,60.33,0.6477
4-Dec-08,22.71,59.44,0.6447
5-Dec-08,22.81,59.99,0.6473
8-Dec-08,23.25,61.62,0.6679
9-Dec-08,23.03,60.68,0.6562
10-Dec-08,22.99,60.87,0.6567
11-Dec-08,23.73,61.31,0.6715
12-Dec-08,23.02,58.11,0.6622
15-Dec-08,23.55,60.56,0.6673
16-Dec-08,24.28,61.59,0.6971
17-Dec-08,24.53,61.57,0.7023
18-Dec-08,24.02,61.99,0.6851
19-Dec-08,23.59,60.53,0.6828
22-Dec-08,23.94,61.69,0.6848
23-Dec-08,23.85,61.75,0.681
24-Dec-08,24,62,0.6825
25-Dec-08,23.74,61.73,0.6827
26-Dec-08,24.29,62.39,0.6862
29-Dec-08,24.36,62.52,0.6873
30-Dec-08,24.24,62.4,0.6914
31-Dec-08,24.98,64.63,0.7076
1-Jan-09,24.72,63.96,0.7023
2-Jan-09,25.04,65.59,0.7105
5-Jan-09,25.2,66.58,0.7173
6-Jan-09,25.46,67.27,0.7231
7-Jan-09,25.03,65.88,0.7117
8-Jan-09,25.03,65.06,0.7128
9-Jan-09,24.68,63.32,0.7033
12-Jan-09,23.97,60.77,0.6804
13-Jan-09,23.52,59.66,0.6638
14-Jan-09,23.45,59.27,0.6593
15-Jan-09,23.48,60.03,0.665
16-Jan-09,23.93,61.64,0.6728
19-Jan-09,23.54,60.49,0.6703
20-Jan-09,22.91,58.31,0.6478
21-Jan-09,23.24,58.65,0.6643
22-Jan-09,23.08,58.38,0.6556
23-Jan-09,23.24,58.7,0.6555
26-Jan-09,23.34,59.12,0.6593
27-Jan-09,23.42,59.38,0.6626
28-Jan-09,23.45,60.23,0.6658
29-Jan-09,22.94,58.46,0.6528
30-Jan-09,22.43,56.92,0.6351
2-Feb-09,22.3,56.39,0.6314
3-Feb-09,22.93,58.03,0.6527
4-Feb-09,22.69,57.51,0.6431
5-Feb-09,23.03,59.45,0.6521
6-Feb-09,24.06,62.69,0.676
9-Feb-09,23.85,61.6,0.6804
10-Feb-09,23.24,59.46,0.6525
11-Feb-09,23.18,59.08,0.6558
12-Feb-09,23.32,59.57,0.6528
13-Feb-09,23.59,61.02,0.657
16-Feb-09,22.82,59.9,0.6492
17-Feb-09,22.72,58.81,0.6347
18-Feb-09,22.87,59.89,0.6379
19-Feb-09,23.16,60.63,0.6433
20-Feb-09,23.46,60.85,0.646
23-Feb-09,23.1,60.5,0.6421
24-Feb-09,23.51,63.03,0.6502
25-Feb-09,23.41,63.02,0.6464
26-Feb-09,23.55,63.63,0.649
27-Feb-09,23.19,61.45,0.6399
2-Mar-09,23.14,61.13,0.6296
3-Mar-09,23.32,62.84,0.6391
4-Mar-09,23.61,64.07,0.6492
5-Mar-09,23.41,62.72,0.6375
6-Mar-09,23.2,63.46,0.6407
9-Mar-09,23.18,62.81,0.6321
10-Mar-09,23.54,64.04,0.6458
11-Mar-09,23.56,63.05,0.6499
12-Mar-09,23.72,63.68,0.6562
13-Mar-09,24.01,65.01,0.6588
16-Mar-09,23.88,64.83,0.6596
17-Mar-09,23.97,65.48,0.6618
18-Mar-09,24.49,65.42,0.6806
19-Mar-09,24.58,65.02,0.6855
20-Mar-09,24.45,66.35,0.6867
23-Mar-09,25.09,68.37,0.7057
24-Mar-09,24.99,68.79,0.6951
25-Mar-09,25.01,68.36,0.6973
26-Mar-09,25.07,69.33,0.7022
27-Mar-09,24.51,67.24,0.6937
30-Mar-09,24.43,66.28,0.6807
31-Mar-09,24.8,68.77,0.6922
1-Apr-09,25.02,68.83,0.6987
2-Apr-09,25.65,71.79,0.7149
3-Apr-09,25.23,70.36,0.715
6-Apr-09,25.21,70.99,0.7125
7-Apr-09,25.55,71.71,0.7097
8-Apr-09,25.37,70.74,0.7095
9-Apr-09,25.74,72.35,0.7199
10-Apr-09,25.81,72.01,0.7196
13-Apr-09,26.33,73.47,0.7309
14-Apr-09,25.86,71.61,0.7236
15-Apr-09,26.01,72.26,0.7283
16-Apr-09,25.71,71.68,0.72
17-Apr-09,25.89,71.11,0.7215
20-Apr-09,25.1,68.22,0.6978
21-Apr-09,25.4,69.71,0.7107
22-Apr-09,25.36,69.28,0.7052
23-Apr-09,25.52,69.7,0.7147
24-Apr-09,25.85,70.34,0.7232
27-Apr-09,24.83,68.08,0.7096
28-Apr-09,24.8,68.25,0.7062
29-Apr-09,25.39,70.77,0.7257
30-Apr-09,25.48,72.07,0.7252
1-May-09,25.68,72.94,0.7307
4-May-09,25.78,73.28,0.7401
5-May-09,25.72,72.96,0.7414
6-May-09,26.04,73.8,0.7465
7-May-09,26.11,74.88,0.7566
8-May-09,26.59,75.9,0.7697
11-May-09,26.04,74.1,0.7585
12-May-09,26.26,73.86,0.7651
13-May-09,25.78,71.76,0.753
14-May-09,25.98,72.84,0.7598
15-May-09,25.61,71.04,0.7488
18-May-09,26.14,73.61,0.7651
19-May-09,26.4,74.51,0.7735
20-May-09,26.573,73.21,0.7743
21-May-09,26.58,73.26,0.7789
22-May-09,26.773,74.35,0.7828
25-May-09,26.662,74.08,0.7821
26-May-09,26.88,74.99,0.7863
27-May-09,26.55,74.41,0.7752
28-May-09,26.78,75.96,0.785
29-May-09,27.458,76.9,0.8012
1-Jun-09,27.42,78.21,0.8102
2-Jun-09,27.67,78.13,0.821
3-Jun-09,27.1,76.98,0.8004
4-Jun-09,27.316,77.29,0.8025
5-Jun-09,26.84,79.27,0.7933
8-Jun-09,26.97,77.95,0.7889
9-Jun-09,27.07,78,0.8007
10-Jun-09,27.16,78.86,0.8019
11-Jun-09,27.7,79.99,0.8188
12-Jun-09,27.792,80.08,0.8123
15-Jun-09,26.9,77.55,0.7952
16-Jun-09,26.7,75.65,0.7934
17-Jun-09,26.96,76.44,0.7925
18-Jun-09,27.06,77.3,0.7992
19-Jun-09,27.445,77.55,0.8063
22-Jun-09,26.51,74.74,0.7857
23-Jun-09,26.86,75.71,0.7941
24-Jun-09,27.142,76.26,0.7959
25-Jun-09,27.271,77.03,0.803
26-Jun-09,27.453,76.83,0.8074
29-Jun-09,27.33,77.85,0.807
30-Jun-09,27.23,77.6,0.807
1-Jul-09,27.29,78.08,0.8084
2-Jul-09,26.81,75.98,0.7928
3-Jul-09,27.012,76.5,0.7971
6-Jul-09,26.94,75.92,0.7972
7-Jul-09,26.59,74.42,0.7894
8-Jul-09,26.28,72.06,0.7787
9-Jul-09,26.48,73.07,0.7829
10-Jul-09,26.29,72.05,0.7788
13-Jul-09,26.52,72.96,0.783
14-Jul-09,26.86,74.4,0.7947
15-Jul-09,27.05,75.43,0.8036
16-Jul-09,27.1,75.26,0.8056
17-Jul-09,27.06,75.55,0.8024
20-Jul-09,27.42,76.6,0.8155
21-Jul-09,27.46,76.23,0.8186
22-Jul-09,27.48,76.3,0.8157
23-Jul-09,27.43,77.35,0.8133
24-Jul-09,27.51,77.48,0.8174
27-Jul-09,27.67,78.22,0.8228
28-Jul-09,27.74,77.79,0.8269
29-Jul-09,27.51,77.51,0.8168
30-Jul-09,27.84,78.82,0.8255
31-Jul-09,28.2,79.11,0.8354
3-Aug-09,28.39,80.21,0.8418
4-Aug-09,28.45,80.48,0.8453
5-Aug-09,28.31,79.68,0.8407
6-Aug-09,28.32,80.26,0.839
7-Aug-09,28.22,81.68,0.8372
10-Aug-09,28.21,81.13,0.8377
11-Aug-09,28.25,79.6,0.8296
12-Aug-09,28.41,80.21,0.8324
13-Aug-09,28.69,80.31,0.8428
14-Aug-09,28.33,79.04,0.8327
17-Aug-09,28.04,77.79,0.8208
18-Aug-09,28.24,78.69,0.8259
19-Aug-09,28.27,78.14,0.8295
20-Aug-09,28.31,78.41,0.8309
21-Aug-09,28.39,78.77,0.8348
24-Aug-09,28.49,79.04,0.8382
25-Aug-09,28.33,78.28,0.8345
26-Aug-09,28.14,77.85,0.8272
27-Aug-09,28.6,78.71,0.8401
28-Aug-09,28.62,78.76,0.8421
31-Aug-09,28.65,78.26,0.8445
1-Sep-09,28.1,76.54,0.8264
2-Sep-09,28.42,76.97,0.8337
3-Sep-09,28.59,77.82,0.8404
4-Sep-09,28.97,79.14,0.8508
7-Sep-09,29.12,79.49,0.8555
8-Sep-09,29.38,79.71,0.8616
9-Sep-09,29.33,79.43,0.8629
10-Sep-09,29.35,79.11,0.8632
11-Sep-09,29.32,78.32,0.8637
14-Sep-09,29.28,78.36,0.8618
15-Sep-09,29.295,78.58,0.8632
16-Sep-09,29.435,79.47,0.8728
17-Sep-09,29.345,79.4,0.8721
18-Sep-09,29.24,79.18,0.8676
21-Sep-09,29.145,79.56,0.863
22-Sep-09,29.43,79.51,0.8736
23-Sep-09,29.175,79.39,0.8699
24-Sep-09,29.035,78.39,0.8648
25-Sep-09,29.13,77.78,0.8682
28-Sep-09,29.32,78.46,0.8728
29-Sep-09,29.385,78.88,0.871
30-Sep-09,29.555,79.43,0.8837
1-Oct-09,29.09,77.68,0.8708
2-Oct-09,28.99,77.72,0.8652
5-Oct-09,29.33,78.64,0.8773
6-Oct-09,29.675,79.07,0.8906
7-Oct-09,29.815,79.1,0.8912
8-Oct-09,30.115,80.25,0.9061
9-Oct-09,30.12,81.11,0.9039
12-Oct-09,30.265,81.47,0.9068
13-Oct-09,30.195,81.51,0.9084
14-Oct-09,30.655,82,0.9155
15-Oct-09,30.925,83.97,0.921
16-Oct-09,30.64,83.33,0.9165
19-Oct-09,30.995,84.26,0.9286
20-Oct-09,30.885,83.92,0.9236
21-Oct-09,30.975,84.28,0.9273
22-Oct-09,31.035,84.89,0.9266
23-Oct-09,30.86,84.92,0.9224
26-Oct-09,30.65,84.46,0.9161
27-Oct-09,30.695,84.11,0.9166
28-Oct-09,30.075,81.4,0.8978
29-Oct-09,30.595,83.69,0.9156
30-Oct-09,30.1,81.07,0.8993
2-Nov-09,30.255,81.83,0.9034
3-Nov-09,30.245,81.75,0.9028
4-Nov-09,30.385,82.47,0.9108
5-Nov-09,30.425,82.65,0.9112
6-Nov-09,30.67,82.58,0.9188
9-Nov-09,31.015,83.68,0.9298
10-Nov-09,30.995,83.46,0.9304
11-Nov-09,30.975,83.67,0.9303
12-Nov-09,30.825,83.53,0.9227
13-Nov-09,31.03,83.67,0.9335
16-Nov-09,31.095,83.39,0.9371
17-Nov-09,30.905,83.07,0.9308
18-Nov-09,30.775,82.99,0.9297
19-Nov-09,30.505,81.72,0.9195
20-Nov-09,30.39,81.29,0.9156
23-Nov-09,30.645,82.07,0.9243
24-Nov-09,30.605,81.61,0.9187
25-Nov-09,30.785,81.19,0.9317
26-Nov-09,29.94,77,0.9129
27-Nov-09,30.14,78.43,0.9069
30-Nov-09,30.495,79.18,0.9151
1-Dec-09,30.69,80.18,0.9254
2-Dec-09,30.755,81.3,0.9252
3-Dec-09,30.605,81.58,0.9247
4-Dec-09,30.33,82.82,0.9159
7-Dec-09,30.335,81.75,0.9124
8-Dec-09,29.935,79.75,0.9041
9-Dec-09,30.135,80.12,0.9089
10-Dec-09,30.355,80.89,0.917
11-Dec-09,30.23,81.32,0.9122
14-Dec-09,30.345,81.21,0.9167
15-Dec-09,30.045,81.22,0.9068
16-Dec-09,29.825,80.79,0.9008
17-Dec-09,29.395,79.38,0.8871
18-Dec-09,29.6,80.51,0.8908
21-Dec-09,29.27,80.18,0.881
22-Dec-09,29.145,80.49,0.876
23-Dec-09,29.335,80.62,0.8794
24-Dec-09,29.46,80.93,0.8826
25-Dec-09,29.46,80.93,0.8849
28-Dec-09,29.585,81.29,0.8874
29-Dec-09,29.81,82.18,0.8943
30-Dec-09,29.815,82.68,0.8942
31-Dec-09,29.89,83.44,0.8973
1-Jan-10,29.89,83.44,0.8972
4-Jan-10,30.305,84.39,0.9127
5-Jan-10,30.235,83.48,0.912
6-Jan-10,30.495,85,0.9203
7-Jan-10,30.415,85.76,0.9165
8-Jan-10,30.64,85.67,0.9246
11-Jan-10,30.705,85.62,0.9316
12-Jan-10,30.425,83.86,0.9204
13-Jan-10,30.495,84.44,0.9244
14-Jan-10,30.625,85,0.932
15-Jan-10,30.32,83.74,0.9232
18-Jan-10,30.455,84.1,0.9264
19-Jan-10,30.345,84.16,0.9248
20-Jan-10,30.045,83.12,0.9088
21-Jan-10,29.855,81.78,0.901
22-Jan-10,29.75,80.89,0.9008
25-Jan-10,29.83,81.79,0.9042
26-Jan-10,29.74,80.68,0.8984
27-Jan-10,29.59,80.6,0.8949
28-Jan-10,29.6,80.24,0.8933
29-Jan-10,29.31,79.79,0.8846
1-Feb-10,29.565,80.94,0.8918
2-Feb-10,29.35,80.26,0.8867
3-Feb-10,29.19,80.15,0.883
4-Feb-10,28.805,77.63,0.864
5-Feb-10,28.84,77.49,0.8677
8-Feb-10,28.66,77.03,0.8647
9-Feb-10,29.08,78.77,0.878
10-Feb-10,29.095,78.86,0.8751
11-Feb-10,29.555,79.93,0.8911
12-Feb-10,29.465,79.86,0.8874
15-Feb-10,29.495,80.03,0.8891
16-Feb-10,29.865,81.32,0.9021
17-Feb-10,29.815,81.86,0.8999
18-Feb-10,29.565,81.83,0.9021
19-Feb-10,29.825,82.26,0.8986
22-Feb-10,29.825,82.18,0.9002
23-Feb-10,29.53,80.48,0.89
24-Feb-10,29.545,80.76,0.8929
25-Feb-10,29.32,79.19,0.8885
26-Feb-10,29.58,79.65,0.8951
1-Mar-10,29.575,80.25,0.9012
2-Mar-10,29.575,80.32,0.9033
3-Mar-10,29.565,80.19,0.9057
4-Mar-10,29.355,80.24,0.9006
5-Mar-10,29.63,81.96,0.9072
8-Mar-10,29.715,82.04,0.9093
9-Mar-10,29.955,82.39,0.9139
10-Mar-10,29.845,82.69,0.9147
11-Mar-10,29.925,83.01,0.9153
12-Mar-10,29.775,82.89,0.9153
15-Mar-10,29.755,82.51,0.9143
16-Mar-10,29.785,82.99,0.9195
17-Mar-10,29.835,83.47,0.9233
18-Mar-10,29.775,83.33,0.9206
19-Mar-10,29.58,82.88,0.9154
22-Mar-10,29.685,82.97,0.9178
23-Mar-10,29.675,83.01,0.9187
24-Mar-10,29.515,83.89,0.9067
25-Mar-10,29.435,84.07,0.9073
26-Mar-10,29.31,83.64,0.9041
29-Mar-10,29.675,84.75,0.9174
30-Mar-10,29.785,85.56,0.9184
31-Mar-10,29.665,85.79,0.9167
1-Apr-10,29.795,86.33,0.9209
2-Apr-10,29.75,86.96,0.9194
5-Apr-10,29.795,86.72,0.9218
6-Apr-10,30.005,86.78,0.928
7-Apr-10,29.99,86.35,0.9268
8-Apr-10,30.01,86.81,0.9291
9-Apr-10,30.06,86.94,0.9331
12-Apr-10,29.975,86.36,0.9266
13-Apr-10,30.045,86.57,0.9287
14-Apr-10,30.195,87.33,0.935
15-Apr-10,30.085,87.01,0.9351
16-Apr-10,29.795,85.18,0.9245
19-Apr-10,29.845,85.56,0.9242
20-Apr-10,29.915,86.61,0.932
21-Apr-10,29.885,86.32,0.9258
22-Apr-10,29.875,86.47,0.9275
23-Apr-10,29.89,87.19,0.9277
26-Apr-10,29.895,87.14,0.9267
27-Apr-10,29.625,85.39,0.915
28-Apr-10,29.905,86.76,0.9254
29-Apr-10,30.045,87.33,0.9273
30-Apr-10,29.91,86.71,0.9246
3-May-10,29.935,87.62,0.9265
4-May-10,29.465,86.46,0.9084
5-May-10,29.365,85.15,0.9049
6-May-10,28.76,81.18,0.8855
7-May-10,28.675,81.36,0.8881
10-May-10,29.09,83.78,0.903
11-May-10,28.955,83.11,0.8946
12-May-10,28.91,83.43,0.8936
13-May-10,28.985,82.96,0.8953
14-May-10,28.68,81.96,0.8858
17-May-10,28.445,81.11,0.8772
18-May-10,27.79,78.93,0.8625
19-May-10,27.415,77.69,0.8477
20-May-10,26.505,73.38,0.8156
21-May-10,26.99,74.94,0.8325
24-May-10,26.73,74.18,0.8244
25-May-10,26.88,74.64,0.8292
26-May-10,26.815,74.13,0.8209
27-May-10,27.62,77.24,0.8517
28-May-10,27.58,77.17,0.8476
31-May-10,27.455,76.96,0.8466
1-Jun-10,27.185,76.07,0.8322
2-Jun-10,27.475,77.61,0.8414
3-Jun-10,27.49,78.15,0.8438
4-Jun-10,26.855,75.65,0.8234
7-Jun-10,26.515,74.39,0.8095
8-Jun-10,26.89,75.32,0.8273
9-Jun-10,27.07,75.88,0.8279
10-Jun-10,27.555,77.72,0.8491
11-Jun-10,27.595,77.93,0.8503
14-Jun-10,27.775,78.6,0.8576
15-Jun-10,28,79.07,0.8654
16-Jun-10,27.93,78.74,0.8634
17-Jun-10,28.095,78.78,0.8682
18-Jun-10,28.265,79.08,0.8721
21-Jun-10,28.345,79.89,0.8756
22-Jun-10,28.195,78.76,0.8726
23-Jun-10,28.335,78.75,0.874
24-Jun-10,28.1,77.68,0.8669
25-Jun-10,28.3,78,0.8749
28-Jun-10,28.195,77.88,0.872
29-Jun-10,27.545,75.32,0.8468
30-Jun-10,27.275,74.5,0.84
1-Jul-10,27.335,74.11,0.8432
2-Jul-10,27.28,73.88,0.8417
5-Jul-10,27.075,73.06,0.8398
6-Jul-10,27.635,74.71,0.8529
7-Jul-10,28.04,75.85,0.8644
8-Jul-10,28.445,77.65,0.8776
9-Jul-10,28.4,77.78,0.8776
12-Jul-10,28.385,77.83,0.8758
13-Jul-10,28.58,78.5,0.8832
14-Jul-10,28.485,77.83,0.8844
15-Jul-10,28.385,77.03,0.8839
16-Jul-10,28.02,75.22,0.869
19-Jul-10,28.055,75.39,0.8684
20-Jul-10,28.56,77.28,0.8836
21-Jul-10,28.365,76.19,0.8774
22-Jul-10,28.85,78.03,0.8936
23-Jul-10,28.88,78.34,0.8956
26-Jul-10,29.015,78.28,0.9027
27-Jul-10,29.02,79.15,0.9014
28-Jul-10,28.725,77.9,0.8908
29-Jul-10,29.035,78.13,0.9004
30-Jul-10,29.18,78.24,0.9042
2-Aug-10,29.37,78.94,0.9134
3-Aug-10,29.38,78.43,0.9126
4-Aug-10,29.445,79.06,0.9174
5-Aug-10,29.345,78.49,0.9154
6-Aug-10,29.41,78.51,0.9183
9-Aug-10,29.29,78.76,0.9163
10-Aug-10,29.13,77.79,0.9136
11-Aug-10,28.65,76.35,0.8962
12-Aug-10,28.655,77.29,0.896
13-Aug-10,28.49,76.98,0.8929
16-Aug-10,28.49,76.27,0.8981
17-Aug-10,28.73,77.49,0.9051
18-Aug-10,28.35,76.58,0.8989
19-Aug-10,28.075,75.79,0.8926
20-Aug-10,28.188,76.51,0.8942
23-Aug-10,28.01,75.68,0.8911
24-Aug-10,27.85,74.32,0.8821
25-Aug-10,27.89,75.11,0.8838
26-Aug-10,27.755,74.61,0.8865
27-Aug-10,28.12,76.53,0.8991
30-Aug-10,27.905,75.43,0.8921
31-Aug-10,27.895,75.03,0.8908
1-Sep-10,28.31,76.77,0.9113
2-Sep-10,28.315,76.68,0.9111
3-Sep-10,28.575,77.31,0.9166
6-Sep-10,28.5,77,0.9173
7-Sep-10,28.45,76.4,0.9106
8-Sep-10,28.4175,77.06,0.919
9-Sep-10,28.485,77.41,0.9231
10-Sep-10,28.53,78,0.9266
13-Sep-10,28.695,78.02,0.9359
14-Sep-10,28.915,78.08,0.9396
15-Sep-10,28.97,80.39,0.9385
16-Sep-10,28.795,80.25,0.9365
17-Sep-10,28.795,80.37,0.9363
20-Sep-10,29.075,81.06,0.9478
21-Sep-10,29.37,81.21,0.9535
22-Sep-10,29.315,80.81,0.9566
23-Sep-10,29.06,80.05,0.9488
24-Sep-10,29.44,80.78,0.959
27-Sep-10,29.335,80.81,0.9609
28-Sep-10,29.515,81.15,0.9673
29-Sep-10,29.485,81.17,0.9686
30-Sep-10,29.285,80.63,0.9668
1-Oct-10,29.358,80.92,0.9718
4-Oct-10,29.18,80.82,0.9678
5-Oct-10,29.235,80.82,0.9713
6-Oct-10,29.185,80.97,0.9775
7-Oct-10,29.425,80.85,0.9823
8-Oct-10,29.485,80.69,0.9849
11-Oct-10,29.525,80.85,0.9833
12-Oct-10,29.515,80.76,0.9863
13-Oct-10,29.655,81.14,0.9902
14-Oct-10,29.55,80.75,0.9945
15-Oct-10,29.582,80.71,0.9908
18-Oct-10,29.605,80.5,0.9899
19-Oct-10,29.025,78.76,0.9692
20-Oct-10,29.465,80.04,0.9869
21-Oct-10,29.22,79.51,0.9781
22-Oct-10,29.413,79.96,0.9828
25-Oct-10,29.56,79.97,0.9913
26-Oct-10,29.46,80.19,0.9857
27-Oct-10,29.21,79.45,0.9722
28-Oct-10,29.335,79.26,0.979
29-Oct-10,29.453,79.07,0.9837
1-Nov-10,29.53,79.66,0.9873
2-Nov-10,29.765,80.58,0.9997
3-Nov-10,29.82,81.37,1.0057
4-Nov-10,30.14,82.04,1.0143
5-Nov-10,30.123,82.57,1.0162
8-Nov-10,29.9625,81.94,1.0132
9-Nov-10,29.74,81.97,1.0032
10-Nov-10,29.72,82.6,1.0059
11-Nov-10,29.665,82.13,0.9975
12-Nov-10,29.408,81.25,0.9867
15-Nov-10,29.43,81.79,0.9849
16-Nov-10,29.235,81.4,0.9769
17-Nov-10,29.4475,81.61,0.9786
18-Nov-10,29.645,82.74,0.9894
19-Nov-10,29.583,82.39,0.9865
22-Nov-10,29.605,82.19,0.9889
23-Nov-10,29.33,81.15,0.9728
24-Nov-10,29.575,82.25,0.9824
25-Nov-10,29.373,81.74,0.9805
26-Nov-10,29.21,81.08,0.9647
29-Nov-10,29.04,80.95,0.9632
30-Nov-10,28.995,80.31,0.9577
1-Dec-10,29.005,81.27,0.9691
2-Dec-10,29.295,81.84,0.9757
3-Dec-10,29.825,81.97,0.9926
6-Dec-10,29.682,81.73,0.99
7-Dec-10,29.54,82.07,0.9839
8-Dec-10,29.495,82.35,0.9787
9-Dec-10,29.615,82.51,0.9845
10-Dec-10,29.6325,82.72,0.9856
13-Dec-10,29.895,83.04,0.9952
14-Dec-10,29.955,83.56,0.9992
15-Dec-10,29.725,83.19,0.9856
16-Dec-10,29.81,83.16,0.9889
17-Dec-10,29.79,83.02,0.9889
20-Dec-10,29.968,83.17,0.9938
21-Dec-10,30.065,83.46,0.9971
22-Dec-10,30.135,83.5,1.0001
23-Dec-10,30.275,83.35,1.0046
24-Dec-10,30.325,83.26,1.0048
27-Dec-10,30.365,83.24,1.005
28-Dec-10,30.448,83.1,1.0095
29-Dec-10,30.663,83.03,1.0175
30-Dec-10,30.613,82.79,1.0171
31-Dec-10,30.7525,83.04,1.0217
3-Jan-11,30.58,83.04,1.0164
4-Jan-11,30.325,82.63,1.0057
5-Jan-11,30.215,83.16,0.9997
6-Jan-11,30.07,82.72,0.9941
7-Jan-11,30.2375,82.79,0.9965
10-Jan-11,30.51,82.29,0.9959
11-Jan-11,29.973,81.88,0.9871
12-Jan-11,30.228,82.73,0.996
13-Jan-11,30.365,82.61,0.9967
14-Jan-11,30.165,81.94,0.9895
17-Jan-11,30.345,82.09,0.9941
18-Jan-11,30.415,82.41,0.9978
19-Jan-11,30.405,81.9,1.0007
20-Jan-11,30.18,81.75,0.9884
21-Jan-11,30.38,81.73,0.9892
24-Jan-11,30.87,82.33,0.9982
25-Jan-11,30.79,81.87,0.9978
26-Jan-11,30.783,82.11,0.9987
27-Jan-11,30.545,82.05,0.9918
28-Jan-11,30.8525,81.64,0.9934
31-Jan-11,30.815,81.87,0.9967
1-Feb-11,31.11,82.31,1.012
2-Feb-11,31.215,82.44,1.0082
3-Feb-11,31.363,82.87,1.0156
4-Feb-11,31.2175,83.31,1.0134
7-Feb-11,31.14,83.4,1.0131
8-Feb-11,31.15,83.5,1.0149
9-Feb-11,31.05,83.3,1.0114
10-Feb-11,30.845,83.47,1.0044
11-Feb-11,30.86,83.61,1.0025
14-Feb-11,30.805,83.58,1.0029
15-Feb-11,30.598,83.48,0.9959
16-Feb-11,30.72,83.89,1.0036
17-Feb-11,30.965,84.29,1.012
18-Feb-11,31.015,84.4,1.0147
21-Feb-11,30.813,83.78,1.0093
22-Feb-11,30.66,82.79,0.9991
23-Feb-11,30.708,82.68,1.0019
24-Feb-11,30.935,82.91,1.0093
25-Feb-11,31.165,83.11,1.0175
28-Feb-11,31.15,83.41,1.0186
1-Mar-11,30.965,83.01,1.0137
2-Mar-11,31.02,83.16,1.0166
3-Mar-11,30.875,83.42,1.0147
4-Mar-11,30.88,83.46,1.0146
7-Mar-11,30.79,83.28,1.0114
8-Mar-11,30.625,83.55,1.0097
9-Mar-11,30.6,83.63,1.0103
10-Mar-11,30.455,83.06,1.0006
11-Mar-11,30.7825,82.97,1.0145
14-Mar-11,30.585,82.54,1.0091
15-Mar-11,30.135,80.05,0.99
16-Mar-11,29.501,76.34,0.9768
17-Mar-11,29.706,77.38,0.981
18-Mar-11,30.181,80.34,0.9967
21-Mar-11,30.435,81.7,1.0067
22-Mar-11,30.485,81.76,1.0107
23-Mar-11,30.665,81.93,1.013
24-Mar-11,30.87,82.64,1.0212
25-Mar-11,31.0625,83.45,1.0261
28-Mar-11,31.005,83.63,1.0244
29-Mar-11,31.26,85.03,1.0289
30-Mar-11,31.3,85.78,1.0326
31-Mar-11,31.245,86.08,1.0328
1-Apr-11,31.43,87.31,1.0391
4-Apr-11,31.288,87.33,1.0366
5-Apr-11,31.18,87.82,1.0328
6-Apr-11,31.45,89.18,1.044
7-Apr-11,31.448,88.76,1.047
8-Apr-11,31.735,89.54,1.0564
11-Apr-11,31.542,88.54,1.0499
12-Apr-11,31.548,87.71,1.0444
13-Apr-11,31.633,87.88,1.0499
14-Apr-11,31.758,88.22,1.0543
15-Apr-11,31.83,87.88,1.0568
18-Apr-11,31.608,86.53,1.0507
19-Apr-11,31.693,87.26,1.0528
20-Apr-11,32.028,88.21,1.0705
21-Apr-11,32.142,87.99,1.0748
22-Apr-11,32.13,87.9,1.0741
25-Apr-11,32.112,87.53,1.0724
26-Apr-11,32.373,88.03,1.0779
27-Apr-11,32.513,89.39,1.0873
28-Apr-11,32.718,89.19,1.0928
29-Apr-11,32.7775,89.05,1.0968
2-May-11,32.6625,88.78,1.0944
3-May-11,32.5625,88.01,1.0842
4-May-11,32.2925,86.51,1.0745
5-May-11,32.1425,85.31,1.0585
6-May-11,32.325,86.29,1.0688
9-May-11,32.5825,86.51,1.0798
10-May-11,32.6775,87.78,1.0836
11-May-11,32.2625,86.65,1.0694
12-May-11,32.2475,86.35,1.0675
13-May-11,32.0175,85.41,1.0574
16-May-11,32.0325,85.42,1.0565
17-May-11,32.2125,86.61,1.0619
18-May-11,32.1625,86.92,1.0626
19-May-11,32.2775,87.21,1.0675
20-May-11,32.2875,87.1,1.0659
23-May-11,31.9275,86.05,1.0507
24-May-11,32.0775,86.62,1.0555
25-May-11,31.9975,86.22,1.053
26-May-11,32.3275,86.26,1.0638
27-May-11,32.445,86.5,1.0701
30-May-11,32.5075,86.69,1.069
31-May-11,32.3725,86.94,1.0671
1-Jun-11,32.1775,85.95,1.0602
2-Jun-11,32.3775,86.42,1.0673
3-Jun-11,32.4525,86.03,1.0716
6-Jun-11,32.4975,85.96,1.0713
7-Jun-11,32.4075,85.84,1.0713
8-Jun-11,32.3575,85.04,1.062
9-Jun-11,32.3575,85.48,1.0631
10-Jun-11,32.0525,84.64,1.0535
13-Jun-11,32.3175,85.11,1.0603
14-Jun-11,32.5425,86.05,1.0682
15-Jun-11,32.3725,85.6,1.0566
16-Jun-11,32.3525,85.13,1.056
17-Jun-11,32.44,85.03,1.0632
20-Jun-11,32.4075,85.04,1.0581
21-Jun-11,32.2975,85.01,1.0595
22-Jun-11,32.1675,84.86,1.0574
23-Jun-11,32.2625,84.86,1.0532
24-Jun-11,32.225,84.38,1.0498
27-Jun-11,32.3475,84.51,1.0447
28-Jun-11,32.6375,85.49,1.0537
29-Jun-11,32.9225,86.34,1.0676
30-Jun-11,32.8725,86.3,1.0722
1-Jul-11,33.08,87.05,1.0778
4-Jul-11,32.6925,86.78,1.0736
5-Jul-11,32.5975,86.69,1.069
6-Jul-11,32.5775,86.6,1.0696
7-Jul-11,32.6075,87.55,1.0777
8-Jul-11,32.52,86.72,1.0756
11-Jul-11,32.2975,85.49,1.0655
12-Jul-11,32.1525,84.36,1.0604
13-Jul-11,32.3625,85.04,1.0767
14-Jul-11,32.2825,84.78,1.0722
15-Jul-11,32.02,84.29,1.0646
18-Jul-11,31.9275,84.07,1.0608
19-Jul-11,32.1075,85.01,1.0732
20-Jul-11,32.1625,84.83,1.0747
21-Jul-11,32.323,85.15,1.084
22-Jul-11,32.34,85.27,1.0846
25-Jul-11,32.257,84.88,1.0842
26-Jul-11,32.507,85.41,1.0949
27-Jul-11,32.808,85.98,1.1028
28-Jul-11,32.677,85.55,1.1005
29-Jul-11,32.7375,84.41,1.0995
1-Aug-11,32.668,85.27,1.097
2-Aug-11,32.063,83.06,1.0778
3-Aug-11,31.983,82.96,1.0764
4-Aug-11,31.3,82.59,1.0467
5-Aug-11,31.1625,81.94,1.0442
8-Aug-11,30.405,78.86,1.0206
9-Aug-11,30.868,79.76,1.0368
10-Aug-11,30.3225,77.94,1.0181
11-Aug-11,30.915,79.5,1.0351
12-Aug-11,31.0075,79.38,1.0356
15-Aug-11,31.253,80.55,1.0509
16-Aug-11,31.273,80.37,1.0476
17-Aug-11,31.518,80.87,1.0541
18-Aug-11,30.915,79.18,1.0387
19-Aug-11,31.0275,79.64,1.0402
22-Aug-11,30.993,79.95,1.0398
23-Aug-11,31.393,80.61,1.0526
24-Aug-11,31.328,80.57,1.0476
25-Aug-11,31.395,81.03,1.0435
26-Aug-11,31.685,81.06,1.0573
29-Aug-11,31.998,82.09,1.0659
30-Aug-11,32.063,81.93,1.0686
31-Aug-11,32.02,82,1.0702
1-Sep-11,32.147,82.42,1.0724
2-Sep-11,31.84,81.77,1.0646
5-Sep-11,31.458,80.91,1.0546
6-Sep-11,31.535,81.61,1.0496
7-Sep-11,31.923,82.35,1.0661
8-Sep-11,31.788,82.08,1.0574
9-Sep-11,31.49,81.24,1.0475
12-Sep-11,31.158,79.74,1.0356
13-Sep-11,31.148,79.41,1.0318
14-Sep-11,31.103,78.77,1.0265
15-Sep-11,31.318,79.28,1.0332
16-Sep-11,31.4475,79.57,1.0362
19-Sep-11,31.17,78.09,1.0211
20-Sep-11,31.205,78.33,1.0269
21-Sep-11,30.853,77.03,1.0044
22-Sep-11,30.175,74.78,0.9728
23-Sep-11,30.235,74.9,0.9779
26-Sep-11,30.505,74.91,0.9847
27-Sep-11,30.535,75.96,0.9904
28-Sep-11,30.265,74.37,0.9778
29-Sep-11,30.505,75.01,0.978
30-Sep-11,30.15,74.44,0.9664
3-Oct-11,29.72,72.93,0.9518
4-Oct-11,29.74,73.31,0.9575
5-Oct-11,30.0075,73.98,0.9659
6-Oct-11,30.225,74.75,0.9744
7-Oct-11,30.2775,74.95,0.9771
10-Oct-11,30.75,76.42,0.9989
11-Oct-11,30.748,76.24,0.9956
12-Oct-11,31.255,78.21,1.0152
13-Oct-11,31.423,78.22,1.0187
14-Oct-11,31.84,79.84,1.0345
17-Oct-11,31.25,78.23,1.0154
18-Oct-11,31.453,78.64,1.0259
19-Oct-11,31.5575,78.74,1.0229
20-Oct-11,31.7525,78.73,1.0233
21-Oct-11,32.065,79.15,1.0373
24-Oct-11,32.2025,79.7,1.047
25-Oct-11,32.1375,79.33,1.0427
26-Oct-11,32.0425,79.25,1.04
27-Oct-11,32.6725,81.39,1.073
28-Oct-11,32.71,81.14,1.0702
31-Oct-11,32.4175,82.57,1.0537
1-Nov-11,31.8825,80.67,1.0332
2-Nov-11,31.59,80.12,1.0341
3-Nov-11,31.895,81.32,1.0406
4-Nov-11,31.7875,81.14,1.0375
7-Nov-11,31.775,80.9,1.0373
8-Nov-11,31.82,80.64,1.0395
9-Nov-11,31.208,78.84,1.0151
10-Nov-11,31.2925,78.84,1.0151
11-Nov-11,31.6175,79.27,1.0277
14-Nov-11,31.4425,78.67,1.0198
15-Nov-11,31.28,78.18,1.0179
16-Nov-11,31.025,77.47,1.008
17-Nov-11,30.85,76.85,0.9994
18-Nov-11,31.0325,76.97,1
21-Nov-11,30.775,75.79,0.9855
22-Nov-11,30.71,75.82,0.984
23-Nov-11,30.425,74.95,0.9686
24-Nov-11,30.353,74.9,0.9728
25-Nov-11,30.5025,75.49,0.9706
28-Nov-11,31.02,77.37,0.9893
29-Nov-11,31.3275,78.11,1.0032
30-Nov-11,31.65,79.55,1.0276
1-Dec-11,31.515,79.49,1.0231
2-Dec-11,31.4675,79.66,1.0215
5-Dec-11,31.58,79.8,1.0274
6-Dec-11,31.603,79.68,1.0238
7-Dec-11,31.635,79.83,1.0287
8-Dec-11,31.355,79.06,1.0168
9-Dec-11,31.5825,79.32,1.0217
12-Dec-11,31.328,78.27,1.0073
13-Dec-11,31.21,77.87,1.0007
14-Dec-11,31.06,77.36,0.991
15-Dec-11,31.208,77.37,0.9916
16-Dec-11,31.245,77.63,0.997
19-Dec-11,31.04,77.37,0.9889
20-Dec-11,31.49,78.41,1.0076
21-Dec-11,31.493,78.62,1.0091
22-Dec-11,31.685,79.21,1.0128
23-Dec-11,31.7725,79.23,1.0149
26-Dec-11,31.8325,79.24,1.0168
27-Dec-11,31.9,79.02,1.0154
28-Dec-11,31.89,78.53,1.0091
29-Dec-11,32.1925,78.74,1.0141
30-Dec-11,32.1425,78.5,1.0227
2-Jan-12,32.3075,78.89,1.0227
3-Jan-12,32.465,79.58,1.0372
4-Jan-12,32.6,79.33,1.0366
5-Jan-12,32.435,79.1,1.025
6-Jan-12,32.3975,78.71,1.0229
9-Jan-12,32.57,78.81,1.0238
10-Jan-12,32.585,79.15,1.0309
11-Jan-12,32.7475,79.3,1.031
12-Jan-12,32.8275,79.36,1.034
13-Jan-12,32.8575,79.48,1.0314
16-Jan-12,32.892,79.29,1.0307
17-Jan-12,32.9975,79.76,1.0381
18-Jan-12,33.04,80,1.0422
19-Jan-12,32.925,80.26,1.0418
20-Jan-12,33.0475,80.75,1.0486
23-Jan-12,33.045,81.07,1.0534
24-Jan-12,32.935,81.41,1.0478
25-Jan-12,33.305,82.38,1.0598
26-Jan-12,33.2475,82.21,1.062
27-Jan-12,33.095,81.74,1.0653
30-Jan-12,32.995,80.86,1.0593
31-Jan-12,32.915,80.9,1.0616
1-Feb-12,33.1475,81.66,1.0699
2-Feb-12,33.075,81.54,1.0713
3-Feb-12,33.265,82.5,1.0776
6-Feb-12,33.1875,82.08,1.073
7-Feb-12,33.35,82.88,1.0804
8-Feb-12,33.15,83.13,1.0793
9-Feb-12,33.125,83.62,1.0787
10-Feb-12,32.9625,82.84,1.0663
13-Feb-12,32.98,82.97,1.0737
14-Feb-12,33.023,83.9,1.0683
15-Feb-12,32.935,83.88,1.07
16-Feb-12,33.135,84.74,1.0758
17-Feb-12,32.9675,85.18,1.0711
20-Feb-12,33.0025,85.38,1.0753
21-Feb-12,32.755,85.23,1.0665
22-Feb-12,32.46,85.36,1.0638
23-Feb-12,32.472,85.77,1.0709
24-Feb-12,32.4275,86.85,1.0699
27-Feb-12,32.7425,86.57,1.0757
28-Feb-12,32.7125,86.91,1.0779
29-Feb-12,32.72,87.32,1.0732
1-Mar-12,32.968,87.66,1.0802
2-Mar-12,32.835,87.81,1.0735
5-Mar-12,32.715,86.97,1.0669
6-Mar-12,32.505,85.38,1.0548
7-Mar-12,32.53,85.95,1.0583
8-Mar-12,32.52,86.88,1.0644
9-Mar-12,32.315,87.17,1.0572
12-Mar-12,32.23,86.54,1.0511
13-Mar-12,32.27,87.44,1.055
14-Mar-12,32.165,87.45,1.0454
15-Mar-12,32.365,87.91,1.053
16-Mar-12,32.535,88.41,1.0594
19-Mar-12,32.57,88.44,1.0612
20-Mar-12,32.25,87.69,1.048
21-Mar-12,32.185,87.19,1.0456
22-Mar-12,32,85.83,1.0389
23-Mar-12,32.19,86.17,1.0464
26-Mar-12,32.34,87.28,1.0537
27-Mar-12,32.14,87,1.0455
28-Mar-12,32.005,86.09,1.0391
29-Mar-12,32.085,85.62,1.0372
30-Mar-12,31.915,85.67,1.0345
2-Apr-12,32.095,85.45,1.0413
3-Apr-12,31.835,85.58,1.033
4-Apr-12,31.835,84.63,1.0263
5-Apr-12,31.92,84.81,1.0303
6-Apr-12,31.925,84.14,1.0305
9-Apr-12,31.88,84.04,1.0305
10-Apr-12,31.77,82.71,1.0252
11-Apr-12,31.825,83.36,1.0306
12-Apr-12,32.15,84.44,1.0439
13-Apr-12,31.925,83.97,1.0375
16-Apr-12,31.86,83.27,1.0353
17-Apr-12,31.995,83.99,1.0387
18-Apr-12,31.945,84.19,1.0358
19-Apr-12,31.91,84.36,1.0335
20-Apr-12,32.1,84.67,1.0379
23-Apr-12,31.99,83.72,1.0316
24-Apr-12,31.9,83.94,1.0316
25-Apr-12,32.13,84.31,1.0375
26-Apr-12,32.025,84.11,1.0382
27-Apr-12,32.2,84.05,1.0471
30-Apr-12,32.05,83.19,1.0425
1-May-12,31.735,82.75,1.0333
2-May-12,31.89,82.79,1.0335
3-May-12,31.78,82.33,1.0263
4-May-12,31.5,81.28,1.0179
7-May-12,31.63,81.5,1.02
8-May-12,31.385,80.82,1.0118
9-May-12,31.19,79.94,1.004
10-May-12,31.355,80.5,1.0071
11-May-12,31.275,80.12,1.0021
14-May-12,31.24,79.59,0.9961
15-May-12,31.15,79.7,0.994
16-May-12,31.12,79.64,0.9915
17-May-12,31.005,78.45,0.9892
18-May-12,30.83,77.79,0.9844
21-May-12,31.06,78.56,0.9909
22-May-12,30.725,78.25,0.9799
23-May-12,30.81,77.55,0.9755
24-May-12,30.82,77.72,0.9767
25-May-12,30.92,77.77,0.9761
28-May-12,31.17,78.3,0.9852
29-May-12,31.22,78.28,0.9848
30-May-12,30.94,76.8,0.9709
31-May-12,31.005,76.25,0.9729
1-Jun-12,30.71,75.7,0.9705
4-Jun-12,30.61,76.22,0.9728
5-Jun-12,30.775,76.73,0.9742
6-Jun-12,31.235,78.64,0.9925
7-Jun-12,31.395,78.78,0.9899
8-Jun-12,31.425,78.83,0.9916
11-Jun-12,31.24,78.31,0.9864
12-Jun-12,31.45,79.3,0.9966
13-Jun-12,31.31,78.95,0.9933
14-Jun-12,31.59,79.53,1.0021
15-Jun-12,31.79,79.36,1.0082
18-Jun-12,31.88,80.11,1.0124
19-Jun-12,31.98,80.4,1.0188
20-Jun-12,32.115,80.95,1.0193
21-Jun-12,31.925,80.58,1.0038
22-Jun-12,32.045,80.94,1.0065
25-Jun-12,31.835,79.72,1.0004
26-Jun-12,32.055,79.98,1.0062
27-Jun-12,32.125,80.33,1.0079
28-Jun-12,32,79.79,1.004
29-Jun-12,32.32,81.72,1.024
2-Jul-12,32.33,81.48,1.025
3-Jul-12,32.3,82.09,1.0281
4-Jul-12,32.365,82.03,1.0274
5-Jul-12,32.47,82.22,1.029
6-Jul-12,32.425,81.36,1.0213
9-Jul-12,32.4,81.26,1.0212
10-Jul-12,32.3,80.92,1.0189
11-Jul-12,32.535,81.78,1.0254
12-Jul-12,32.22,80.36,1.0135
13-Jul-12,32.4,81.04,1.023
16-Jul-12,32.355,80.81,1.0248
17-Jul-12,32.64,81.57,1.0316
18-Jul-12,32.83,81.68,1.0362
19-Jul-12,32.915,81.97,1.0428
20-Jul-12,32.87,81.46,1.0378
23-Jul-12,32.57,80.4,1.0259
24-Jul-12,32.495,79.95,1.0222
25-Jul-12,32.61,80.6,1.0311
26-Jul-12,32.835,81.33,1.0398
27-Jul-12,33.055,82.22,1.0484
30-Jul-12,33.165,82.11,1.0503
31-Jul-12,33.08,81.99,1.0502
1-Aug-12,33.005,82.06,1.0461
2-Aug-12,33.085,81.87,1.0463
3-Aug-12,33.375,82.97,1.057
6-Aug-12,33.255,82.67,1.0568
7-Aug-12,33.265,82.96,1.0555
8-Aug-12,33.305,82.94,1.0574
9-Aug-12,33.295,83.14,1.0579
10-Aug-12,33.285,82.77,1.0577
13-Aug-12,33.045,82.36,1.0517
14-Aug-12,33.03,82.62,1.0489
15-Aug-12,33.09,82.93,1.0504
16-Aug-12,33.07,83.39,1.0511
17-Aug-12,32.845,82.95,1.0419
20-Aug-12,32.935,83,1.0444
21-Aug-12,32.91,83.13,1.0488
22-Aug-12,32.965,82.58,1.0505
23-Aug-12,32.525,81.97,1.044
24-Aug-12,32.49,81.88,1.0404
27-Aug-12,32.405,81.59,1.0371
28-Aug-12,32.415,81.41,1.0376
29-Aug-12,32.425,81.47,1.0352
30-Aug-12,32.32,80.93,1.029
31-Aug-12,32.35,80.92,1.0322
3-Sep-12,31.98,80.19,1.0246
4-Sep-12,31.91,80.17,1.0225
5-Sep-12,31.84,79.89,1.0192
6-Sep-12,32.075,81.11,1.0285
7-Sep-12,32.29,81.31,1.0385
10-Sep-12,32.09,80.88,1.0335
11-Sep-12,32.375,81.11,1.0432
12-Sep-12,32.445,81.45,1.0467
13-Sep-12,32.7,81.75,1.0547
14-Sep-12,32.465,82.7,1.0551
17-Sep-12,32.3,82.44,1.0475
18-Sep-12,32.22,82.38,1.0457
19-Sep-12,32.265,82.11,1.048
20-Sep-12,32.19,81.61,1.0435
21-Sep-12,32.225,81.8,1.0458
24-Sep-12,32.24,81.17,1.0423
25-Sep-12,32.13,80.81,1.0391
26-Sep-12,32.16,80.59,1.0371
27-Sep-12,32.23,81.11,1.0443
28-Sep-12,31.995,80.86,1.0379
1-Oct-12,31.88,80.81,1.0362
2-Oct-12,31.525,80.25,1.0267
3-Oct-12,31.32,80.19,1.0215
4-Oct-12,31.32,80.41,1.024
5-Oct-12,31.135,80.14,1.0186
8-Oct-12,31.205,79.81,1.019
9-Oct-12,31.325,79.83,1.0206
10-Oct-12,31.41,79.97,1.0234
11-Oct-12,31.505,80.42,1.0266
12-Oct-12,31.355,80.27,1.0232
15-Oct-12,31.495,80.65,1.0253
16-Oct-12,31.545,81.09,1.0275
17-Oct-12,31.765,81.96,1.0383
18-Oct-12,31.765,82.16,1.0366
19-Oct-12,31.705,81.93,1.033
22-Oct-12,31.71,82.54,1.0322
23-Oct-12,31.585,81.99,1.0265
24-Oct-12,31.85,82.6,1.0356
25-Oct-12,31.76,83.13,1.0347
26-Oct-12,31.885,82.64,1.0374
29-Oct-12,31.73,82.46,1.0332
30-Oct-12,31.845,82.52,1.036
31-Oct-12,31.85,82.78,1.0375
1-Nov-12,31.94,83.36,1.04
2-Nov-12,31.825,83.15,1.0336
5-Nov-12,31.925,83.2,1.0365
6-Nov-12,32.095,83.89,1.0434
7-Nov-12,31.99,83.25,1.0411
8-Nov-12,31.925,82.62,1.0405
9-Nov-12,31.82,82.57,1.0383
12-Nov-12,31.94,82.88,1.0428
13-Nov-12,32,82.82,1.0434
14-Nov-12,31.84,83.22,1.0375
15-Nov-12,31.75,83.86,1.0332
16-Nov-12,31.79,84.09,1.0342
19-Nov-12,31.93,84.7,1.0414
20-Nov-12,31.85,84.86,1.0388
21-Nov-12,31.825,85.55,1.0368
22-Nov-12,31.89,85.6,1.0389
23-Nov-12,32.07,86.14,1.0461
26-Nov-12,32.105,85.84,1.0464
27-Nov-12,32.05,85.83,1.0446
28-Nov-12,32.18,85.88,1.0477
29-Nov-12,32.03,85.64,1.0434
30-Nov-12,32.055,86.05,1.0427
3-Dec-12,31.92,85.68,1.0421
4-Dec-12,32.12,85.73,1.047
5-Dec-12,32.08,86.22,1.0457
6-Dec-12,32.145,86.38,1.0486
7-Dec-12,32.13,86.48,1.0488
10-Dec-12,32.145,86.44,1.0489
11-Dec-12,32.235,86.88,1.0528
12-Dec-12,32.305,87.78,1.0554
13-Dec-12,32.245,88.01,1.0528
14-Dec-12,32.32,88.14,1.0562
17-Dec-12,32.3,88.47,1.0552
18-Dec-12,32.225,88.67,1.0534
19-Dec-12,32.085,88.51,1.0482
20-Dec-12,32.115,88.48,1.0482
21-Dec-12,31.85,87.67,1.0402
24-Dec-12,31.74,87.97,1.036
25-Dec-12,31.75,87.93,1.0357
26-Dec-12,31.8,88.83,1.0377
27-Dec-12,31.79,89.3,1.0377
28-Dec-12,31.735,89.21,1.0373
31-Dec-12,31.81,90.2,1.0394
1-Jan-13,31.795,89.97,1.0396
2-Jan-13,31.815,91.58,1.0505
3-Jan-13,31.75,91.27,1.0466
4-Jan-13,31.945,92.41,1.048
7-Jan-13,31.995,92.22,1.0503
8-Jan-13,31.945,91.5,1.0503
9-Jan-13,31.95,92.29,1.0514
10-Jan-13,32.06,93.86,1.0598
11-Jan-13,31.91,94,1.0536
14-Jan-13,31.945,94.45,1.0566
15-Jan-13,31.625,93.7,1.0566
16-Jan-13,31.53,93.47,1.0573
17-Jan-13,31.42,94.77,1.0546
18-Jan-13,31.245,94.67,1.0511
21-Jan-13,31.265,94.27,1.0516
22-Jan-13,31.385,93.78,1.0566
23-Jan-13,31.455,93.61,1.0555
24-Jan-13,31.195,94.54,1.045
25-Jan-13,31.24,94.79,1.0423
28-Jan-13,31.19,94.53,1.0417
29-Jan-13,31.27,95,1.0476
30-Jan-13,30.95,94.82,1.0417
31-Jan-13,31.125,95.5,1.0424
1-Feb-13,30.99,96.48,1.0406
4-Feb-13,31.065,96.35,1.0438
5-Feb-13,30.93,97.27,1.0388
6-Feb-13,30.74,96.56,1.032
7-Feb-13,30.645,96.22,1.0282
8-Feb-13,30.75,95.72,1.032
11-Feb-13,30.68,96.54,1.0255
12-Feb-13,30.73,96.34,1.0307
13-Feb-13,30.88,96.72,1.037
14-Feb-13,30.87,96.17,1.036
15-Feb-13,30.79,96.38,1.0305
18-Feb-13,30.785,96.75,1.0307
19-Feb-13,30.94,96.84,1.0354
20-Feb-13,30.575,95.94,1.0257
21-Feb-13,30.55,95.35,1.0246
22-Feb-13,30.81,96.5,1.032
25-Feb-13,30.65,94.03,1.0259
26-Feb-13,30.5,94.01,1.0228
27-Feb-13,30.57,94.33,1.0233
28-Feb-13,30.43,94.59,1.0214
1-Mar-13,30.4,95.38,1.0202
4-Mar-13,30.39,95.22,1.0196
5-Mar-13,30.515,95.6,1.0259
6-Mar-13,30.51,96.31,1.0232
7-Mar-13,30.53,97.41,1.0267
8-Mar-13,30.43,98.3,1.0233
11-Mar-13,30.56,99,1.0282
12-Mar-13,30.55,99.13,1.0324
13-Mar-13,30.51,98.99,1.0298
14-Mar-13,30.805,99.75,1.0383
15-Mar-13,30.75,99.22,1.0409
18-Mar-13,30.69,99,1.0402
19-Mar-13,30.35,98.59,1.0369
20-Mar-13,30.24,99.67,1.0379
21-Mar-13,30.47,99.05,1.0438
22-Mar-13,30.57,98.7,1.0444
25-Mar-13,30.635,98.48,1.0467
26-Mar-13,30.725,98.98,1.0484
27-Mar-13,30.58,98.64,1.0444
28-Mar-13,30.54,98.06,1.0412
29-Mar-13,30.515,98.17,1.0419
1-Apr-13,30.56,97.25,1.0424
2-Apr-13,30.75,97.62,1.0448
3-Apr-13,30.68,97.33,1.0462
4-Apr-13,30.57,100.47,1.0436
5-Apr-13,30.345,101.2,1.0376
8-Apr-13,30.425,103.47,1.0412
9-Apr-13,30.4,103.91,1.0488
10-Apr-13,30.6,105.2,1.0543
11-Apr-13,30.59,105.06,1.0545
12-Apr-13,30.53,103.39,1.0507
15-Apr-13,29.98,99.32,1.0313
16-Apr-13,30.1,101.36,1.0391
17-Apr-13,29.69,101.14,1.0297
18-Apr-13,29.53,101.14,1.0302
19-Apr-13,29.41,102.28,1.0275
22-Apr-13,29.475,101.95,1.0275
23-Apr-13,29.58,102.08,1.0263
24-Apr-13,29.75,102.25,1.0278
25-Apr-13,30.07,102.17,1.0293
26-Apr-13,30.055,100.8,1.028
29-Apr-13,30.295,101.19,1.035
30-Apr-13,30.36,101.03,1.0371
1-May-13,30.13,100.1,1.0278
2-May-13,30.17,100.41,1.0249
3-May-13,30.67,102.19,1.0319
6-May-13,30.365,101.86,1.0254
7-May-13,30.12,100.85,1.0185
8-May-13,29.85,100.69,1.0171
9-May-13,29.735,101.55,1.0093
10-May-13,29.86,101.84,1.0023
13-May-13,29.54,101.34,0.9953
14-May-13,29.36,101.24,0.989
15-May-13,29.48,101.2,0.9899
16-May-13,29.155,100.3,0.9809
17-May-13,29.05,100.39,0.9728
20-May-13,29.245,100.32,0.9809
21-May-13,29.2,100.48,0.9804
22-May-13,28.98,100.03,0.9698
23-May-13,29.175,99.49,0.9751
24-May-13,28.905,97.72,0.9647
27-May-13,28.755,97.25,0.9633
28-May-13,28.9,98.44,0.9616
29-May-13,29.06,97.47,0.9634
30-May-13,29.155,97.33,0.9662
31-May-13,29.12,96.19,0.9572
3-Jun-13,29.68,97.28,0.9772
4-Jun-13,29.38,96.53,0.965
5-Jun-13,29.135,94.52,0.9544
6-Jun-13,29.33,93.02,0.9593
7-Jun-13,29.09,92.62,0.9495
10-Jun-13,29.11,93.48,0.9464
11-Jun-13,29.165,90.52,0.9426
12-Jun-13,29.33,91.05,0.9482
13-Jun-13,29.655,91.93,0.9639
14-Jun-13,29.245,90.03,0.9568
17-Jun-13,29.28,90.23,0.9547
18-Jun-13,29.275,90.44,0.9486
19-Jun-13,28.545,89.67,0.9294
20-Jun-13,28.65,89.48,0.9198
21-Jun-13,28.75,90.25,0.9219
24-Jun-13,28.735,90.39,0.9249
25-Jun-13,28.79,90.58,0.9261
26-Jun-13,28.875,90.68,0.9277
27-Jun-13,28.89,91.22,0.9275
28-Jun-13,28.465,90.62,0.9138
1-Jul-13,28.575,92.08,0.9239
2-Jul-13,28.335,92.05,0.9147
3-Jul-13,28.235,90.81,0.9087
4-Jul-13,28.435,91.5,0.9146
5-Jul-13,28.31,91.76,0.9067
8-Jul-13,28.71,92.22,0.9133
9-Jul-13,28.66,92.83,0.9178
10-Jul-13,28.66,91.42,0.9173
11-Jul-13,28.615,90.92,0.9188
12-Jul-13,28.18,89.78,0.9048
15-Jul-13,28.31,90.86,0.9098
16-Jul-13,28.73,91.69,0.9253
17-Jul-13,28.645,91.98,0.9237
18-Jul-13,28.455,92.08,0.9169
19-Jul-13,28.45,92.33,0.9173
22-Jul-13,28.61,92.19,0.925
23-Jul-13,28.765,92.44,0.9297
24-Jul-13,28.415,91.88,0.9164
25-Jul-13,28.725,91.82,0.9247
26-Jul-13,28.82,91.03,0.9263
29-Jul-13,28.675,90.17,0.9206
30-Jul-13,28.33,88.83,0.9062
31-Jul-13,28.165,87.92,0.8982
1-Aug-13,27.97,88.85,0.8925
2-Aug-13,27.86,88.1,0.8902
5-Aug-13,28.015,87.8,0.8931
6-Aug-13,28.21,87.84,0.8987
7-Aug-13,28.26,86.7,0.9
8-Aug-13,28.39,88.06,0.9104
9-Aug-13,28.7,88.45,0.9193
12-Aug-13,28.565,88.65,0.9148
13-Aug-13,28.52,89.52,0.9115
14-Aug-13,28.505,89.51,0.9122
15-Aug-13,28.6,89,0.9141
16-Aug-13,28.735,89.58,0.9185
19-Aug-13,28.59,88.89,0.911
20-Aug-13,28.685,88.25,0.9073
21-Aug-13,28.59,87.64,0.8971
22-Aug-13,28.855,88.94,0.9008
23-Aug-13,28.76,89.11,0.9025
26-Aug-13,28.89,88.95,0.9032
27-Aug-13,28.905,87.17,0.8984
28-Aug-13,28.775,87.3,0.8941
29-Aug-13,28.695,87.83,0.8931
30-Aug-13,28.6,87.36,0.89
2-Sep-13,28.755,89.19,0.8978
3-Sep-13,29.155,90.23,0.9062
4-Sep-13,29.495,91.49,0.9171
5-Sep-13,29.495,91.33,0.9123
6-Sep-13,29.58,91.05,0.9186
9-Sep-13,29.63,91.89,0.9228
10-Sep-13,29.925,93.48,0.931
11-Sep-13,29.795,93.17,0.9329
12-Sep-13,29.34,92.29,0.9271
13-Sep-13,29.44,91.88,0.9245
16-Sep-13,29.515,92.33,0.9319
17-Sep-13,29.66,92.73,0.9355
18-Sep-13,29.77,93.23,0.9519
19-Sep-13,29.3,93.86,0.9437
20-Sep-13,29.225,93.3,0.9394
23-Sep-13,29.415,93.22,0.9431
24-Sep-13,29.415,92.75,0.9394
25-Sep-13,29.28,92.21,0.9367
26-Sep-13,29.225,92.7,0.9365
27-Sep-13,29.175,91.53,0.9316
30-Sep-13,29.105,91.52,0.9317
1-Oct-13,29.34,92.1,0.9399
2-Oct-13,29.34,91.37,0.9385
3-Oct-13,29.405,91.39,0.9395
4-Oct-13,29.5,91.95,0.9434
7-Oct-13,29.585,91.19,0.9429
8-Oct-13,29.58,91.3,0.9423
9-Oct-13,29.675,91.94,0.9444
10-Oct-13,29.625,92.78,0.9452
11-Oct-13,29.615,93.33,0.9467
14-Oct-13,29.68,93.53,0.9488
15-Oct-13,29.795,93.52,0.9526
16-Oct-13,29.84,94.34,0.9552
17-Oct-13,29.89,94.34,0.9636
18-Oct-13,30.045,94.58,0.9677
21-Oct-13,30.08,94.78,0.9653
22-Oct-13,30.13,95.27,0.9708
23-Oct-13,30.02,93.75,0.9627
24-Oct-13,29.97,93.61,0.9623
25-Oct-13,29.725,93.37,0.9584
28-Oct-13,29.725,93.5,0.9571
29-Oct-13,29.45,93.07,0.9479
30-Oct-13,29.5,93.42,0.9483
31-Oct-13,29.48,93.04,0.946
1-Nov-13,29.445,93.14,0.9437
4-Nov-13,29.755,93.79,0.9511
5-Nov-13,29.75,93.65,0.9507
6-Nov-13,29.765,93.97,0.9525
7-Nov-13,29.635,92.75,0.9456
8-Nov-13,29.55,92.99,0.9385
11-Nov-13,29.605,92.8,0.9359
12-Nov-13,29.42,92.67,0.9303
13-Nov-13,29.495,92.9,0.9361
14-Nov-13,29.405,93.19,0.9318
15-Nov-13,29.605,93.88,0.937
18-Nov-13,29.62,93.77,0.9377
19-Nov-13,29.835,94.48,0.9435
20-Nov-13,29.61,93.38,0.9335
21-Nov-13,29.39,93.41,0.9234
22-Nov-13,29.18,92.88,0.9171
25-Nov-13,29.34,93.14,0.9161
26-Nov-13,29.295,92.47,0.9128
27-Nov-13,29.155,92.76,0.908
28-Nov-13,29.205,93.12,0.9101
29-Nov-13,29.205,93.34,0.9112
2-Dec-13,29.305,93.75,0.9105
3-Dec-13,29.4,93.67,0.9137
4-Dec-13,29.095,92.43,0.903
5-Dec-13,29.18,92.25,0.9063
6-Dec-13,29.335,93.67,0.9103
9-Dec-13,29.27,94.11,0.9113
10-Dec-13,29.34,94.11,0.9151
11-Dec-13,29.02,92.7,0.905
12-Dec-13,28.705,92.4,0.8938
13-Dec-13,28.745,92.51,0.8962
16-Dec-13,28.64,92.17,0.8948
17-Dec-13,28.565,91.35,0.8897
18-Dec-13,28.65,92.4,0.8861
19-Dec-13,28.8,92.44,0.8867
20-Dec-13,29.095,92.85,0.8921
23-Dec-13,29.215,93.03,0.8936
24-Dec-13,29.145,93.09,0.892
25-Dec-13,29.23,93.08,0.8917
26-Dec-13,29.215,93.22,0.8895
27-Dec-13,29.125,93.28,0.8869
30-Dec-13,29.21,93.62,0.8903
31-Dec-13,29.165,93.92,0.8918
1-Jan-14,29.055,93.5,0.8884
2-Jan-14,29.375,93.34,0.891
3-Jan-14,29.53,93.81,0.8947
6-Jan-14,29.655,93.45,0.8967
7-Jan-14,29.525,93.39,0.8927
8-Jan-14,29.425,93.35,0.8902
9-Jan-14,29.365,93.27,0.8899
10-Jan-14,29.685,93.69,0.8996
13-Jan-14,29.85,93.25,0.9053
14-Jan-14,29.39,93.44,0.8966
15-Jan-14,29.305,93.2,0.8916
16-Jan-14,28.92,92.06,0.8821
17-Jan-14,28.83,91.61,0.8782
20-Jan-14,28.905,91.79,0.8811
21-Jan-14,28.96,91.86,0.8805
22-Jan-14,29.14,92.51,0.8851
23-Jan-14,28.83,90.55,0.8768
24-Jan-14,28.52,88.83,0.8683
27-Jan-14,28.76,89.61,0.8739
28-Jan-14,28.89,90.39,0.8779
29-Jan-14,28.8,89.42,0.874
30-Jan-14,29.035,90.34,0.8795
31-Jan-14,28.915,89.34,0.8756
3-Feb-14,28.83,88.39,0.8752
4-Feb-14,29.235,90.73,0.8926
5-Feb-14,29.185,90.38,0.8909
6-Feb-14,29.365,91.45,0.8957
7-Feb-14,29.39,91.68,0.8958
10-Feb-14,29.355,91.5,0.8948
11-Feb-14,29.58,92.76,0.9038
12-Feb-14,29.365,92.55,0.9026
13-Feb-14,29.235,91.75,0.898
14-Feb-14,29.205,91.95,0.9033
17-Feb-14,29.11,92.06,0.9032
18-Feb-14,29.335,92.42,0.9028
19-Feb-14,29.33,92.09,0.9
20-Feb-14,29.315,92.1,0.9006
21-Feb-14,29.205,92.03,0.8977
24-Feb-14,29.4,92.66,0.9038
25-Feb-14,29.36,92.22,0.902
26-Feb-14,29.225,91.81,0.8968
27-Feb-14,29.21,91.56,0.8965
28-Feb-14,29.04,90.9,0.8928
3-Mar-14,29.07,90.67,0.8937
4-Mar-14,28.935,91.48,0.895
5-Mar-14,29.015,91.94,0.8986
6-Mar-14,29.315,93.69,0.909
7-Mar-14,29.335,93.7,0.9073
10-Mar-14,29.2,93.14,0.902
11-Mar-14,29.06,92.48,0.8977
12-Mar-14,29.12,92.36,0.8987
13-Mar-14,29.225,91.98,0.9032
14-Mar-14,29.135,91.52,0.9029
17-Mar-14,29.28,92.47,0.9086
18-Mar-14,29.315,92.59,0.9128
19-Mar-14,29.08,92.55,0.9042
20-Mar-14,29.28,92.56,0.9039
21-Mar-14,29.405,92.87,0.9082
24-Mar-14,29.63,93.39,0.9133
25-Mar-14,29.855,93.72,0.9165
26-Mar-14,30.04,94.11,0.9222
27-Mar-14,30.11,94.64,0.9261
28-Mar-14,30.055,95.11,0.9248
31-Mar-14,30.04,95.62,0.9264
1-Apr-14,29.91,95.83,0.9246
2-Apr-14,30.005,96.07,0.9248
3-Apr-14,29.995,95.94,0.9232
4-Apr-14,30.17,95.97,0.9292
7-Apr-14,30.105,95.58,0.9271
8-Apr-14,30.21,95.33,0.9363
9-Apr-14,30.24,95.78,0.9391
10-Apr-14,30.38,95.58,0.9414
11-Apr-14,30.355,95.49,0.9397
14-Apr-14,30.415,95.97,0.9424
15-Apr-14,30.245,95.42,0.9361
16-Apr-14,30.2,95.81,0.9371
17-Apr-14,30.03,95.5,0.9327
18-Apr-14,30.035,95.58,0.9332
21-Apr-14,30.075,95.72,0.9328
22-Apr-14,30.275,96.14,0.9368
23-Apr-14,30.055,95.28,0.9291
24-Apr-14,29.97,94.8,0.9264
25-Apr-14,29.91,94.77,0.9275
28-Apr-14,29.865,94.89,0.9257
29-Apr-14,29.9,95.13,0.9268
30-Apr-14,30.05,94.98,0.9288
1-May-14,30.025,94.92,0.9275
2-May-14,30.065,94.79,0.9276
5-May-14,30.01,94.72,0.9274
6-May-14,30.245,95.08,0.9349
7-May-14,30.21,95.06,0.9327
8-May-14,30.455,95.29,0.9373
9-May-14,30.55,95.38,0.9364
12-May-14,30.525,95.59,0.9361
13-May-14,30.525,95.73,0.9362
14-May-14,30.4,95.55,0.9378
15-May-14,30.415,95.04,0.9356
16-May-14,30.43,95.06,0.9364
19-May-14,30.3,94.68,0.9332
20-May-14,30.08,93.66,0.9244
21-May-14,30.04,93.79,0.9252
22-May-14,30.055,93.83,0.9223
23-May-14,30.035,94.13,0.9231
26-May-14,30.09,94.17,0.9236
27-May-14,30.21,94.44,0.926
28-May-14,30.195,94.06,0.9235
29-May-14,30.525,94.75,0.9308
30-May-14,30.565,94.77,0.9311
2-Jun-14,30.385,94.67,0.9246
3-Jun-14,30.21,94.95,0.9264
4-Jun-14,30.3,95.31,0.9276
5-Jun-14,30.485,95.64,0.9341
6-Jun-14,30.315,95.65,0.9333
9-Jun-14,30.335,95.93,0.9356
10-Jun-14,30.44,95.94,0.9373
11-Jun-14,30.465,95.79,0.9384
12-Jun-14,30.595,95.89,0.9426
13-Jun-14,30.435,95.97,0.9402
16-Jun-14,30.425,95.74,0.9401
17-Jun-14,30.345,95.36,0.9336
18-Jun-14,30.515,95.89,0.9407
19-Jun-14,30.52,95.8,0.9399
20-Jun-14,30.485,95.83,0.9388
23-Jun-14,30.57,96.06,0.9422
24-Jun-14,30.4,95.52,0.9367
25-Jun-14,30.53,95.84,0.9408
26-Jun-14,30.575,95.78,0.9414
27-Jun-14,30.585,95.53,0.9424
30-Jun-14,30.59,95.57,0.9432
1-Jul-14,30.765,96.42,0.9497
2-Jul-14,30.575,96.12,0.9444
3-Jul-14,30.28,95.52,0.9346
4-Jul-14,30.315,95.62,0.9364
7-Jul-14,30.385,95.45,0.9373
8-Jul-14,30.44,95.5,0.9401
9-Jul-14,30.305,95.67,0.9413
10-Jul-14,30.245,95.21,0.9395
11-Jul-14,30.185,95.22,0.9392
14-Jul-14,30.19,95.4,0.9395
15-Jul-14,30.12,95.28,0.9371
16-Jul-14,30.08,95.25,0.9368
17-Jul-14,30.1,94.62,0.9353
18-Jul-14,30.17,95.16,0.939
21-Jul-14,29.915,95.04,0.9373
22-Jul-14,29.835,95.3,0.9392
23-Jul-14,30.06,95.97,0.9457
24-Jul-14,29.995,95.89,0.9418
25-Jul-14,29.925,95.69,0.9395
28-Jul-14,29.925,95.81,0.9406
29-Jul-14,29.875,95.83,0.9384
30-Jul-14,29.82,95.92,0.933
31-Jul-14,29.925,95.56,0.9296
1-Aug-14,29.925,95.56,0.9311
4-Aug-14,30.03,95.76,0.9334
5-Aug-14,29.97,95.45,0.9304
6-Aug-14,30.105,95.52,0.9355
7-Aug-14,29.89,94.65,0.9271
8-Aug-14,29.805,94.69,0.9279
11-Aug-14,29.72,94.67,0.9264
12-Aug-14,29.735,94.78,0.9269
13-Aug-14,29.73,95.31,0.9304
14-Aug-14,29.68,95.47,0.9319
15-Aug-14,29.715,95.41,0.9321
18-Aug-14,29.67,95.59,0.932
19-Aug-14,29.68,95.72,0.9302
20-Aug-14,29.73,96.36,0.9287
21-Aug-14,29.745,96.58,0.9302
22-Aug-14,29.755,96.83,0.9315
25-Aug-14,29.735,96.74,0.9297
26-Aug-14,29.72,96.86,0.9306
27-Aug-14,29.78,96.97,0.9336
28-Aug-14,29.885,97.03,0.9356
29-Aug-14,29.825,97.19,0.9338
1-Sep-14,29.835,97.4,0.9333
2-Sep-14,29.8,97.46,0.9275
3-Sep-14,29.94,97.96,0.9347
4-Sep-14,29.995,98.42,0.9348
5-Sep-14,30.005,98.56,0.9379
8-Sep-14,29.765,98.41,0.9281
9-Sep-14,29.535,97.73,0.9203
10-Sep-14,29.46,97.83,0.9157
11-Sep-14,29.28,97.47,0.91
12-Sep-14,29.155,97.03,0.9039
15-Sep-14,29.135,96.75,0.9027
16-Sep-14,29.29,97.42,0.9094
17-Sep-14,28.93,97.11,0.896
18-Sep-14,29,97.74,0.8991
19-Sep-14,28.745,97.33,0.8926
22-Sep-14,28.625,96.58,0.8873
23-Sep-14,28.515,96.27,0.884
24-Sep-14,28.63,96.84,0.8883
25-Sep-14,28.375,95.56,0.8787
26-Sep-14,28.335,95.78,0.8765
29-Sep-14,28.245,95.45,0.8718
30-Sep-14,28.365,95.91,0.8746
1-Oct-14,28.335,95.16,0.8738
2-Oct-14,28.57,95.45,0.8804
3-Oct-14,28.315,95.22,0.8675
6-Oct-14,28.585,95.34,0.8763
7-Oct-14,28.735,95.27,0.8818
8-Oct-14,28.81,95.56,0.8841
9-Oct-14,28.5,94.72,0.8783
10-Oct-14,28.185,93.5,0.8683
13-Oct-14,28.425,93.72,0.877
14-Oct-14,28.315,93.28,0.8714
15-Oct-14,28.635,93.53,0.8829
16-Oct-14,28.38,93.11,0.8757
17-Oct-14,28.35,93.45,0.8743
20-Oct-14,28.35,93.94,0.8783
21-Oct-14,28.32,93.92,0.8779
22-Oct-14,28.37,94.05,0.8778
23-Oct-14,28.355,94.86,0.8761
24-Oct-14,28.505,95.13,0.8795
27-Oct-14,28.555,94.89,0.8802
28-Oct-14,28.73,95.78,0.8856
29-Oct-14,28.555,95.8,0.8798
30-Oct-14,28.765,96.47,0.8834
31-Oct-14,28.68,98.82,0.8798
3-Nov-14,28.395,99,0.868
4-Nov-14,28.56,99.28,0.8739
5-Nov-14,28.145,98.51,0.8593
6-Nov-14,28.1,98.61,0.8559
7-Nov-14,28.295,98.9,0.8635
10-Nov-14,28.295,99.03,0.8621
11-Nov-14,28.54,100.57,0.8686
12-Nov-14,28.645,100.69,0.8719
13-Nov-14,28.595,100.95,0.8721
14-Nov-14,28.735,101.71,0.8747
17-Nov-14,28.555,101.58,0.8709
18-Nov-14,28.57,101.92,0.8721
19-Nov-14,28.29,101.67,0.8618
20-Nov-14,28.265,101.88,0.8618
21-Nov-14,28.4,102.14,0.867
24-Nov-14,28.3,101.93,0.8618
25-Nov-14,27.975,100.64,0.8531
26-Nov-14,27.99,100.62,0.8547
27-Nov-14,28.005,100.59,0.8546
28-Nov-14,27.965,100.97,0.851
1-Dec-14,27.845,100.53,0.8491
2-Dec-14,27.765,100.67,0.8444
3-Dec-14,27.63,100.7,0.8406
4-Dec-14,27.58,100.42,0.8383
5-Dec-14,27.49,101.1,0.8326
8-Dec-14,27.37,100.1,0.8294
9-Dec-14,27.245,99.27,0.8294
10-Dec-14,27.255,97.97,0.8317
11-Dec-14,27.15,98.17,0.8273
12-Dec-14,27.065,97.95,0.8245
15-Dec-14,27.07,96.74,0.8211
16-Dec-14,27.1,95.67,0.8218
17-Dec-14,26.75,96.39,0.8124
18-Dec-14,26.83,97.03,0.8165
19-Dec-14,26.765,97.32,0.8144
22-Dec-14,26.77,97.67,0.8135
23-Dec-14,26.67,97.8,0.8104
24-Dec-14,26.67,97.69,0.8106
25-Dec-14,26.625,97.47,0.8116
26-Dec-14,26.725,97.75,0.8118
29-Dec-14,26.795,98.14,0.8132
30-Dec-14,26.885,97.77,0.8183
31-Dec-14,26.885,97.79,0.817
1-Jan-15,26.96,98.02,0.8182
2-Jan-15,26.67,97.48,0.809
5-Jan-15,26.64,96.7,0.8083
6-Jan-15,26.57,95.73,0.8085
7-Jan-15,26.555,96.36,0.8079
8-Jan-15,26.7,97.2,0.8124
9-Jan-15,26.94,97.25,0.8204
12-Jan-15,26.82,96.53,0.8157
13-Jan-15,26.79,96.3,0.8166
14-Jan-15,26.7,95.64,0.8151
15-Jan-15,26.895,95.41,0.8218
16-Jan-15,26.805,96.78,0.8228
19-Jan-15,26.76,96.54,0.8212
20-Jan-15,26.715,97.08,0.8171
21-Jan-15,26.345,95.37,0.8085
22-Jan-15,26.165,95.09,0.8025
23-Jan-15,25.765,93.14,0.7908
26-Jan-15,25.815,93.88,0.7925
27-Jan-15,25.795,93.56,0.7937
28-Jan-15,25.695,92.72,0.7889
29-Jan-15,25.435,91.8,0.7761
30-Jan-15,25.425,91.25,0.7769
2-Feb-15,25.42,91.76,0.7803
3-Feb-15,25.405,91.62,0.7792
4-Feb-15,25.31,90.92,0.7752
5-Feb-15,25.42,91.66,0.7798
6-Feb-15,25.455,92.77,0.7797
9-Feb-15,25.44,92.58,0.7803
10-Feb-15,25.365,92.81,0.7771
11-Feb-15,25.205,92.98,0.7719
12-Feb-15,25.225,92.14,0.7735
13-Feb-15,25.325,92.25,0.7769
16-Feb-15,25.335,92.1,0.7773
17-Feb-15,25.475,93.23,0.7819
18-Feb-15,25.44,92.8,0.7812
19-Feb-15,25.375,92.69,0.7792
20-Feb-15,25.515,93.36,0.7843
23-Feb-15,25.395,92.7,0.7802
24-Feb-15,25.47,93.19,0.7832
25-Feb-15,25.645,93.73,0.7886
26-Feb-15,25.265,93.15,0.78
27-Feb-15,25.275,93.38,0.7812
2-Mar-15,25.125,93.3,0.7767
3-Mar-15,25.29,93.58,0.7815
4-Mar-15,25.32,93.56,0.7817
5-Mar-15,25.24,93.5,0.7782
6-Mar-15,25.14,93.27,0.7718
9-Mar-15,25.1,93.31,0.7702
10-Mar-15,24.945,92.38,0.7624
11-Mar-15,24.95,92.24,0.7595
12-Mar-15,25.315,93.5,0.7708
13-Mar-15,25.135,92.71,0.7637
16-Mar-15,25.16,92.7,0.7641
17-Mar-15,25.08,92.45,0.7618
18-Mar-15,25.405,93.33,0.7771
19-Mar-15,25.045,92.39,0.7649
20-Mar-15,25.325,93.33,0.7774
23-Mar-15,25.65,94.36,0.7881
24-Mar-15,25.59,94.33,0.7876
25-Mar-15,25.52,93.75,0.7845
26-Mar-15,25.485,93.31,0.7828
27-Mar-15,25.245,92.36,0.7752
30-Mar-15,24.95,91.91,0.7652
31-Mar-15,24.75,91.38,0.7607
1-Apr-15,24.685,91.02,0.76
2-Apr-15,24.645,90.88,0.7591
3-Apr-15,24.735,90.8,0.7631
6-Apr-15,24.625,90.73,0.7591
7-Apr-15,24.855,91.81,0.7633
8-Apr-15,25.025,92.3,0.7683
9-Apr-15,25.05,92.78,0.7693
10-Apr-15,25.01,92.39,0.7684
13-Apr-15,24.73,91.17,0.759
14-Apr-15,24.77,91.03,0.7626
15-Apr-15,24.91,91.52,0.7681
16-Apr-15,25.275,92.87,0.7803
17-Apr-15,25.155,92.47,0.7776
20-Apr-15,25.025,92.08,0.7724
21-Apr-15,24.965,92.25,0.771
22-Apr-15,25.11,92.99,0.7755
23-Apr-15,25.24,93.02,0.7778
24-Apr-15,25.455,93.03,0.7818
27-Apr-15,25.615,93.55,0.7858
28-Apr-15,26.185,95.38,0.8024
29-Apr-15,26.3,95.33,0.8009
30-Apr-15,26.105,94.36,0.7904
1-May-15,26.09,94.33,0.7852
4-May-15,26.13,94.16,0.7837
5-May-15,26.485,95.22,0.7943
6-May-15,26.495,95.2,0.7969
7-May-15,26.505,94.67,0.7907
8-May-15,26.62,95.05,0.7933
11-May-15,26.61,94.75,0.7891
12-May-15,26.91,95.59,0.7975
13-May-15,27.185,96.67,0.8113
14-May-15,27.045,96.29,0.808
15-May-15,26.895,95.83,0.8034
18-May-15,26.685,95.86,0.7989
19-May-15,26.53,95.52,0.7914
20-May-15,26.445,95.55,0.7873
21-May-15,26.375,95.56,0.7894
22-May-15,26.215,95.17,0.783
25-May-15,26.285,95.11,0.7824
26-May-15,26.095,95.23,0.7736
27-May-15,26.1,95.57,0.7728
28-May-15,25.83,94.81,0.7648
29-May-15,25.75,94.86,0.7641
1-Jun-15,25.615,94.9,0.7607
2-Jun-15,26.195,96.47,0.7772
3-Jun-15,26.195,96.75,0.7786
4-Jun-15,25.935,95.64,0.769
5-Jun-15,25.875,95.84,0.763
8-Jun-15,26,95.87,0.7702
9-Jun-15,25.925,95.62,0.7691
10-Jun-15,26.075,95.19,0.776
11-Jun-15,26.145,95.71,0.7755
12-Jun-15,26.005,95.39,0.7731
15-Jun-15,26.155,95.84,0.7766
16-Jun-15,26.115,95.62,0.7752
17-Jun-15,26.045,95.64,0.7748
18-Jun-15,26.24,95.89,0.7798
19-Jun-15,26.145,95.32,0.7771
22-Jun-15,26.055,95.35,0.7729
23-Jun-15,26.125,95.89,0.7736
24-Jun-15,26.025,95.41,0.7704
25-Jun-15,26.12,95.64,0.7737
26-Jun-15,25.875,94.81,0.7655
29-Jun-15,25.915,94.1,0.7679
30-Jun-15,26.055,94.43,0.7709
1-Jul-15,25.85,94.16,0.7644
2-Jul-15,25.79,93.92,0.7632
3-Jul-15,25.365,92.23,0.751
6-Jul-15,25.38,91.94,0.7499
7-Jul-15,25.34,91.31,0.7452
8-Jul-15,25.22,89.67,0.7429
9-Jul-15,25.275,90.36,0.7447
10-Jul-15,25.26,91.4,0.7446
13-Jul-15,25.205,91.43,0.7407
14-Jul-15,25.365,91.94,0.7451
15-Jul-15,25.225,91.33,0.7379
16-Jul-15,25.325,91.93,0.7405
17-Jul-15,25.225,91.47,0.7372
20-Jul-15,25.41,91.61,0.7372
21-Jul-15,25.535,91.92,0.7419
22-Jul-15,25.605,91.42,0.7375
23-Jul-15,25.6,91.16,0.7356
24-Jul-15,25.425,90.17,0.7283
27-Jul-15,25.355,89.61,0.7269
28-Jul-15,25.56,90.66,0.7338
29-Jul-15,25.51,90.42,0.7295
30-Jul-15,25.635,90.53,0.7292
31-Jul-15,25.57,90.54,0.7305
3-Aug-15,25.56,90.38,0.7287
4-Aug-15,25.9,91.79,0.7379
5-Aug-15,25.87,91.88,0.7356
6-Aug-15,25.79,91.64,0.7346
7-Aug-15,26.06,92.16,0.7419
10-Aug-15,26.015,92.39,0.7413
11-Aug-15,25.825,91.4,0.7305
12-Aug-15,26.03,91.66,0.7379
13-Aug-15,25.875,91.58,0.736
14-Aug-15,25.985,91.64,0.7371
17-Aug-15,26.185,91.69,0.7371
18-Aug-15,26.085,91.31,0.734
19-Aug-15,26.11,90.98,0.7349
20-Aug-15,26.115,90.55,0.7338
21-Aug-15,26.135,89.34,0.7322
24-Aug-15,25.525,84.77,0.7158
25-Aug-15,25.335,84.73,0.713
26-Aug-15,25.375,85.41,0.7122
27-Aug-15,25.545,86.74,0.7167
28-Aug-15,25.715,87.31,0.7173
31-Aug-15,25.49,86.23,0.7113
1-Sep-15,25.085,83.79,0.7019
2-Sep-15,25.17,84.69,0.7038
3-Sep-15,25.145,84.26,0.7017
4-Sep-15,24.845,82.2,0.6907
7-Sep-15,25.005,82.6,0.6925
8-Sep-15,25.27,84.06,0.7017
9-Sep-15,25.405,84.58,0.7019
10-Sep-15,25.49,85.31,0.7071
11-Sep-15,25.55,85.5,0.7091
14-Sep-15,25.715,85.82,0.7137
15-Sep-15,25.66,86.02,0.7142
16-Sep-15,25.81,86.78,0.7198
17-Sep-15,25.655,86.09,0.7174
18-Sep-15,25.625,86.27,0.7189
21-Sep-15,25.55,85.97,0.7131
22-Sep-15,25.575,85.2,0.709
23-Sep-15,25.375,84.25,0.7004
24-Sep-15,25.465,84.36,0.7025
25-Sep-15,25.405,84.69,0.7024
28-Sep-15,25.415,83.83,0.6989
29-Sep-15,25.44,83.64,0.6986
30-Sep-15,25.53,84.14,0.702
1-Oct-15,25.655,84.31,0.7029
2-Oct-15,25.665,84.5,0.7048
5-Oct-15,25.685,85.33,0.7084
6-Oct-15,25.965,86.17,0.7166
7-Oct-15,25.87,86.5,0.7208
8-Oct-15,25.975,87.08,0.726
9-Oct-15,26.07,88.23,0.7335
12-Oct-15,26.025,88.37,0.7362
13-Oct-15,25.825,86.74,0.7244
14-Oct-15,25.79,86.75,0.73
15-Oct-15,25.785,87.12,0.7329
16-Oct-15,25.605,86.73,0.7262
19-Oct-15,25.69,86.64,0.7251
20-Oct-15,25.715,87.01,0.726
21-Oct-15,25.72,86.5,0.7211
22-Oct-15,25.64,86.98,0.7208
23-Oct-15,25.65,87.64,0.7215
26-Oct-15,25.72,87.78,0.7249
27-Oct-15,25.545,86.64,0.7192
28-Oct-15,25.375,86.17,0.7116
29-Oct-15,25.225,85.65,0.7071
30-Oct-15,25.415,86.12,0.7139
2-Nov-15,25.42,86.3,0.7146
3-Nov-15,25.56,87,0.7187
4-Nov-15,25.395,86.89,0.7148
5-Nov-15,25.405,86.97,0.7144
6-Nov-15,25.255,86.81,0.7048
9-Nov-15,25.305,86.81,0.7046
10-Nov-15,25.235,86.6,0.7031
11-Nov-15,25.3,86.73,0.7061
12-Nov-15,25.565,87.38,0.7127
13-Nov-15,25.605,87.47,0.7131
16-Nov-15,25.525,87.41,0.7097
17-Nov-15,25.595,87.8,0.7111
18-Nov-15,25.58,87.91,0.711
19-Nov-15,25.725,88.39,0.7194
20-Nov-15,25.865,89,0.7241
23-Nov-15,25.8,88.38,0.7195
24-Nov-15,25.93,88.92,0.7256
25-Nov-15,25.875,89,0.7251
26-Nov-15,25.815,88.6,0.7227
27-Nov-15,25.81,88.38,0.7194
30-Nov-15,25.875,88.98,0.7228
1-Dec-15,26.185,89.99,0.7324
2-Dec-15,26.215,90.08,0.7309
3-Dec-15,26.32,90,0.7341
4-Dec-15,26.235,90.43,0.7342
7-Dec-15,26.07,89.67,0.7268
8-Dec-15,25.955,88.71,0.7216
9-Dec-15,26.015,87.79,0.7229
10-Dec-15,26.265,88.55,0.7282
11-Dec-15,25.985,86.89,0.7188
14-Dec-15,26.17,87.7,0.7245
15-Dec-15,25.865,87.52,0.7192
16-Dec-15,25.995,88.39,0.7233
17-Dec-15,25.79,87.36,0.7128
18-Dec-15,25.905,86.94,0.7172
21-Dec-15,25.97,87.13,0.719
22-Dec-15,26.11,87.62,0.7237
23-Dec-15,26.085,87.47,0.7232
24-Dec-15,26.255,87.67,0.7279
25-Dec-15,26.12,87.23,0.7244
28-Dec-15,26.16,87.28,0.7249
29-Dec-15,26.325,87.89,0.7297
30-Dec-15,26.3,87.81,0.7287
31-Dec-15,26.23,87.59,0.728
1-Jan-16,26.305,87.82,0.7298
4-Jan-16,25.985,85.9,0.7191
5-Jan-16,25.865,85.25,0.7161
6-Jan-16,25.64,83.78,0.7072
7-Jan-16,25.43,82.51,0.7011
8-Jan-16,25.295,81.67,0.6953
11-Jan-16,25.36,82.36,0.6996
12-Jan-16,25.37,82.19,0.6986
13-Jan-16,25.235,81.86,0.6956
14-Jan-16,25.39,82.46,0.6985
15-Jan-16,24.975,80.42,0.6869
18-Jan-16,24.925,80.56,0.6865
19-Jan-16,25.08,81.26,0.6907
20-Jan-16,25.055,80.78,0.6907
21-Jan-16,25.345,82.38,0.6998
22-Jan-16,25.205,83.18,0.7003
25-Jan-16,24.975,82.28,0.6955
26-Jan-16,25.1,82.95,0.7005
27-Jan-16,25.17,83.38,0.7026
28-Jan-16,25.39,84.19,0.7085
29-Jan-16,25.305,85.76,0.7085
1-Feb-16,25.31,86.05,0.7114
2-Feb-16,25.235,84.44,0.7039
3-Feb-16,25.615,84.51,0.7168
4-Feb-16,25.655,84.08,0.7202
5-Feb-16,25.125,82.67,0.7071
8-Feb-16,25.17,82.1,0.7087
9-Feb-16,25.025,81.41,0.707
10-Feb-16,25.05,80.43,0.7096
11-Feb-16,25.05,79.92,0.7109
12-Feb-16,25.285,80.47,0.7107
15-Feb-16,25.44,81.78,0.7138
16-Feb-16,25.355,81.14,0.7112
17-Feb-16,25.585,81.98,0.7185
18-Feb-16,25.47,81.05,0.7157
19-Feb-16,25.545,80.49,0.715
22-Feb-16,25.835,81.61,0.7227
23-Feb-16,25.73,80.75,0.7203
24-Feb-16,25.67,80.74,0.7197
25-Feb-16,25.805,81.75,0.7235
26-Feb-16,25.47,81.28,0.713
29-Feb-16,25.45,80.48,0.7142
1-Mar-16,25.53,81.81,0.7175
2-Mar-16,25.915,82.76,0.7294
3-Mar-16,26.05,83.58,0.7351
4-Mar-16,26.31,84.67,0.7443
7-Mar-16,26.45,84.73,0.7468
8-Mar-16,26.3,83.74,0.7439
9-Mar-16,26.415,84.9,0.7486
10-Mar-16,26.25,84.32,0.7454
11-Mar-16,26.505,86.06,0.7566
14-Mar-16,26.385,85.56,0.7514
15-Mar-16,26.2,84.4,0.7457
16-Mar-16,26.355,85.03,0.7552
17-Mar-16,26.595,85.22,0.7651
18-Mar-16,26.54,84.83,0.7604
21-Mar-16,26.46,84.84,0.7579
22-Mar-16,26.63,85.65,0.7622
23-Mar-16,26.51,84.64,0.7532
24-Mar-16,26.605,85.01,0.753
25-Mar-16,26.495,84.89,0.7508
28-Mar-16,26.655,85.61,0.7546
29-Mar-16,26.95,85.96,0.7628
30-Mar-16,27.02,86.25,0.7671
31-Mar-16,26.89,86.21,0.7658
1-Apr-16,26.97,85.64,0.767
4-Apr-16,26.81,84.69,0.7606
5-Apr-16,26.63,83.28,0.7544
6-Apr-16,26.77,83.44,0.7599
7-Apr-16,26.415,81.2,0.7504
8-Apr-16,26.525,81.66,0.7555
11-Apr-16,26.605,82,0.7596
12-Apr-16,26.895,83.41,0.7684
13-Apr-16,26.83,83.68,0.7653
14-Apr-16,27.005,84.2,0.7696
15-Apr-16,27.065,84,0.7724
18-Apr-16,27.095,84.34,0.775
19-Apr-16,27.21,85.33,0.7813
20-Apr-16,27.185,85.61,0.7794
21-Apr-16,27.145,84.69,0.7738
22-Apr-16,27.035,86.16,0.7708
25-Apr-16,27.065,85.8,0.7715
26-Apr-16,27.23,86.25,0.7748
27-Apr-16,26.655,84.58,0.7588
28-Apr-16,26.69,82.45,0.7626
29-Apr-16,26.535,80.87,0.7603
2-May-16,26.715,81.57,0.7666
3-May-16,26.17,79.78,0.7484
4-May-16,26.22,79.8,0.7457
5-May-16,26.265,80.08,0.7467
6-May-16,25.895,78.94,0.7369
9-May-16,25.785,79.25,0.7316
10-May-16,25.945,80.45,0.7363
11-May-16,26.02,79.96,0.7376
12-May-16,25.89,79.86,0.7326
13-May-16,25.775,78.94,0.7268
16-May-16,25.815,79.47,0.7289
17-May-16,26.01,79.94,0.7325
18-May-16,25.795,79.67,0.723
19-May-16,25.805,79.48,0.7228
20-May-16,25.76,79.55,0.7222
23-May-16,25.78,78.91,0.7224
24-May-16,25.67,79.01,0.7183
25-May-16,25.68,79.34,0.7199
26-May-16,25.74,79.31,0.7226
27-May-16,25.655,79.18,0.7183
30-May-16,25.69,79.82,0.7183
31-May-16,25.87,80.08,0.7233
1-Jun-16,25.9,79.49,0.7259
2-Jun-16,25.75,78.7,0.7229
3-Jun-16,26.06,78.48,0.7368
6-Jun-16,25.98,79.23,0.7369
7-Jun-16,26.275,80.08,0.746
8-Jun-16,26.235,79.92,0.747
9-Jun-16,26.14,79.6,0.7431
10-Jun-16,25.99,78.87,0.7372
13-Jun-16,25.995,78.49,0.7388
14-Jun-16,25.985,78.09,0.7359
15-Jun-16,26.105,78.53,0.7408
16-Jun-16,26,76.75,0.7363
17-Jun-16,26.085,77.03,0.7399
20-Jun-16,26.27,77.52,0.7458
21-Jun-16,26.24,78.03,0.745
22-Jun-16,26.38,78.31,0.7501
23-Jun-16,26.72,80.78,0.7611
24-Jun-16,26.36,76.3,0.7463
27-Jun-16,25.915,74.8,0.7327
28-Jun-16,26.03,75.92,0.7388
29-Jun-16,26.17,76.62,0.7451
30-Jun-16,26.165,76.94,0.7451
1-Jul-16,26.325,76.89,0.7498
4-Jul-16,26.425,77.33,0.7539
5-Jul-16,26.245,75.91,0.7462
6-Jul-16,26.485,76.19,0.752
7-Jul-16,26.365,75.42,0.7484
8-Jul-16,26.625,76.09,0.7568
11-Jul-16,26.485,77.42,0.7531
12-Jul-16,26.845,79.8,0.7622
13-Jul-16,26.775,79.5,0.7608
14-Jul-16,26.73,80.39,0.7631
15-Jul-16,26.5,79.45,0.7578
18-Jul-16,26.53,80.58,0.7591
19-Jul-16,26.28,79.63,0.7503
20-Jul-16,26.195,79.9,0.7478
21-Jul-16,26.215,79.33,0.7497
22-Jul-16,26.115,79.19,0.7466
25-Jul-16,26.16,79.02,0.747
26-Jul-16,26.255,78.52,0.7502
27-Jul-16,26.17,78.95,0.7491
28-Jul-16,26.145,78.97,0.7502
29-Jul-16,26.415,77.55,0.7597
1-Aug-16,26.205,77.17,0.7537
2-Aug-16,26.45,76.78,0.761
3-Aug-16,26.58,76.83,0.7589
4-Aug-16,26.63,77.2,0.7628
5-Aug-16,26.73,77.58,0.762
8-Aug-16,26.76,78.38,0.7651
9-Aug-16,26.775,78.17,0.7672
10-Aug-16,26.78,78.02,0.7703
11-Aug-16,26.73,78.5,0.7699
12-Aug-16,26.595,77.47,0.7647
15-Aug-16,26.55,77.69,0.7673
16-Aug-16,26.64,77.19,0.7695
17-Aug-16,26.525,76.75,0.7655
18-Aug-16,26.555,76.77,0.7686
19-Aug-16,26.42,76.44,0.7628
22-Aug-16,26.41,76.44,0.7618
23-Aug-16,26.365,76.34,0.7616
24-Aug-16,26.36,76.47,0.7613
25-Aug-16,26.325,76.58,0.7618
26-Aug-16,26.22,77.03,0.7564
29-Aug-16,26.175,77.14,0.757
30-Aug-16,25.995,77.36,0.751
31-Aug-16,26.025,77.72,0.7518
1-Sep-16,26.13,77.97,0.7552
2-Sep-16,26.225,78.75,0.7572
5-Sep-16,26.34,78.43,0.7582
6-Sep-16,26.605,78.44,0.7689
7-Sep-16,26.58,78.06,0.7673
8-Sep-16,26.58,78.34,0.7644
9-Sep-16,26.2265,77.44,0.7541
