AUDTHB,Date
30.08,2-Jan-06
30.16,3-Jan-06
30.195,4-Jan-06
30.05,5-Jan-06
29.99,6-Jan-06
29.955,9-Jan-06
29.805,10-Jan-06
29.94,11-Jan-06
29.63,12-Jan-06
29.895,13-Jan-06
29.93,16-Jan-06
29.91,17-Jan-06
29.51,18-Jan-06
29.325,19-Jan-06
29.335,20-Jan-06
29.5,23-Jan-06
29.565,24-Jan-06
29.465,25-Jan-06
29.285,26-Jan-06
29.245,27-Jan-06
29.28,30-Jan-06
29.54,31-Jan-06
29.585,1-Feb-06
29.66,2-Feb-06
29.49,3-Feb-06
29.275,6-Feb-06
29.3,7-Feb-06
29.35,8-Feb-06
29.285,9-Feb-06
28.945,10-Feb-06
28.91,13-Feb-06
29.19,14-Feb-06
29.025,15-Feb-06
29.09,16-Feb-06
29,17-Feb-06
29.16,20-Feb-06
29.14,21-Feb-06
29.12,22-Feb-06
29.045,23-Feb-06
29.12,24-Feb-06
28.91,27-Feb-06
29.045,28-Feb-06
28.965,1-Mar-06
28.965,2-Mar-06
28.96,3-Mar-06
28.735,6-Mar-06
28.655,7-Mar-06
28.82,8-Mar-06
28.775,9-Mar-06
28.635,10-Mar-06
28.76,13-Mar-06
28.895,14-Mar-06
28.93,15-Mar-06
28.855,16-Mar-06
28.235,17-Mar-06
27.92,20-Mar-06
27.85,21-Mar-06
28.035,22-Mar-06
27.96,23-Mar-06
27.68,24-Mar-06
27.425,27-Mar-06
27.415,28-Mar-06
27.555,29-Mar-06
27.76,30-Mar-06
27.845,31-Mar-06
27.78,3-Apr-06
27.745,4-Apr-06
27.865,5-Apr-06
27.955,6-Apr-06
27.74,7-Apr-06
27.755,10-Apr-06
27.935,11-Apr-06
27.865,12-Apr-06
27.735,13-Apr-06
27.735,14-Apr-06
28.005,17-Apr-06
28.085,18-Apr-06
28.25,19-Apr-06
27.895,20-Apr-06
28.055,21-Apr-06
27.935,24-Apr-06
28.075,25-Apr-06
28.37,26-Apr-06
28.375,27-Apr-06
28.44,28-Apr-06
28.455,1-May-06
28.6,2-May-06
29.055,3-May-06
29.115,4-May-06
29.23,5-May-06
28.85,8-May-06
29.135,9-May-06
29.115,10-May-06
29.26,11-May-06
29.27,12-May-06
29.135,15-May-06
29.16,16-May-06
29.005,17-May-06
29.13,18-May-06
28.925,19-May-06
28.935,22-May-06
28.87,23-May-06
28.965,24-May-06
29.12,25-May-06
29.06,26-May-06
29.005,29-May-06
29.125,30-May-06
28.71,31-May-06
28.515,1-Jun-06
28.68,2-Jun-06
28.53,5-Jun-06
28.36,6-Jun-06
28.375,7-Jun-06
28.56,8-Jun-06
28.735,9-Jun-06
28.69,12-Jun-06
28.435,13-Jun-06
28.315,14-Jun-06
28.53,15-Jun-06
28.4,16-Jun-06
28.345,19-Jun-06
28.325,20-Jun-06
28.385,21-Jun-06
28.195,22-Jun-06
28.14,23-Jun-06
28.195,26-Jun-06
28.145,27-Jun-06
27.98,28-Jun-06
28.305,29-Jun-06
28.3,30-Jun-06
28.225,3-Jul-06
28.195,4-Jul-06
28.3,5-Jul-06
28.475,6-Jul-06
28.47,7-Jul-06
28.26,10-Jul-06
28.48,11-Jul-06
28.5,12-Jul-06
28.61,13-Jul-06
28.685,14-Jul-06
28.575,17-Jul-06
28.49,18-Jul-06
28.575,19-Jul-06
28.54,20-Jul-06
28.535,21-Jul-06
28.675,24-Jul-06
28.645,25-Jul-06
28.915,26-Jul-06
28.845,27-Jul-06
29.075,28-Jul-06
29.01,31-Jul-06
29.025,1-Aug-06
28.905,2-Aug-06
28.815,3-Aug-06
28.965,4-Aug-06
28.775,7-Aug-06
28.495,8-Aug-06
28.75,9-Aug-06
28.775,10-Aug-06
28.655,11-Aug-06
28.375,14-Aug-06
28.625,15-Aug-06
28.77,16-Aug-06
28.69,17-Aug-06
28.495,18-Aug-06
28.605,21-Aug-06
28.695,22-Aug-06
28.7,23-Aug-06
28.705,24-Aug-06
28.565,25-Aug-06
28.575,28-Aug-06
28.715,29-Aug-06
28.69,30-Aug-06
28.71,31-Aug-06
28.755,1-Sep-06
28.79,4-Sep-06
28.825,5-Sep-06
28.635,6-Sep-06
28.35,7-Sep-06
28.22,8-Sep-06
28.155,11-Sep-06
28.16,12-Sep-06
28.105,13-Sep-06
28.125,14-Sep-06
28.015,15-Sep-06
28.175,18-Sep-06
28.365,19-Sep-06
28.37,20-Sep-06
28.41,21-Sep-06
28.005,22-Sep-06
28.26,25-Sep-06
28.215,26-Sep-06
28.195,27-Sep-06
28.11,28-Sep-06
28.04,29-Sep-06
28.13,2-Oct-06
27.925,3-Oct-06
28.04,4-Oct-06
28.04,5-Oct-06
27.97,6-Oct-06
28,9-Oct-06
27.87,10-Oct-06
27.8,11-Oct-06
28.16,12-Oct-06
28.12,13-Oct-06
28.22,16-Oct-06
28.145,17-Oct-06
28.245,18-Oct-06
28.335,19-Oct-06
28.25,20-Oct-06
28.215,23-Oct-06
28.215,24-Oct-06
28.24,25-Oct-06
28.28,26-Oct-06
28.205,27-Oct-06
28.3,30-Oct-06
28.41,31-Oct-06
28.405,1-Nov-06
28.42,2-Nov-06
28.285,3-Nov-06
28.325,6-Nov-06
28.34,7-Nov-06
28.28,8-Nov-06
28.15,9-Nov-06
28.08,10-Nov-06
27.845,13-Nov-06
27.86,14-Nov-06
27.96,15-Nov-06
28.015,16-Nov-06
28.15,17-Nov-06
28.215,20-Nov-06
28.25,21-Nov-06
28.39,22-Nov-06
28.3,23-Nov-06
28.44,24-Nov-06
28.37,27-Nov-06
28.47,28-Nov-06
28.25,29-Nov-06
28.31,30-Nov-06
28.24,1-Dec-06
28.215,4-Dec-06
27.975,5-Dec-06
27.98,6-Dec-06
28.055,7-Dec-06
27.94,8-Dec-06
27.875,11-Dec-06
27.74,12-Dec-06
27.72,13-Dec-06
27.555,14-Dec-06
27.52,15-Dec-06
27.59,18-Dec-06
28.15,19-Dec-06
28.155,20-Dec-06
28.56,21-Dec-06
28.54,22-Dec-06
28.555,25-Dec-06
28.46,26-Dec-06
28.465,27-Dec-06
28.58,28-Dec-06
28.53,29-Dec-06
28,1-Jan-07
28.245,2-Jan-07
28.485,3-Jan-07
28.215,4-Jan-07
28.035,5-Jan-07
28.02,8-Jan-07
28.1,9-Jan-07
28.04,10-Jan-07
28.17,11-Jan-07
28.255,12-Jan-07
28.26,15-Jan-07
28.2,16-Jan-07
28.365,17-Jan-07
28.43,18-Jan-07
28.455,19-Jan-07
28.36,22-Jan-07
28.47,23-Jan-07
28.115,24-Jan-07
27.675,25-Jan-07
27.735,26-Jan-07
27.635,29-Jan-07
27.66,30-Jan-07
27.83,31-Jan-07
27.765,1-Feb-07
27.775,2-Feb-07
27.78,5-Feb-07
27.855,6-Feb-07
27.845,7-Feb-07
27.98,8-Feb-07
27.795,9-Feb-07
27.615,12-Feb-07
27.89,13-Feb-07
28.045,14-Feb-07
28.065,15-Feb-07
28.11,16-Feb-07
28.075,19-Feb-07
28.04,20-Feb-07
28.28,21-Feb-07
28.175,22-Feb-07
28.255,23-Feb-07
28.275,26-Feb-07
27.985,27-Feb-07
27.98,28-Feb-07
27.84,1-Mar-07
27.635,2-Mar-07
27.245,5-Mar-07
27.295,6-Mar-07
27.37,7-Mar-07
27.34,8-Mar-07
27.47,9-Mar-07
27.655,12-Mar-07
27.44,13-Mar-07
27.57,14-Mar-07
27.63,15-Mar-07
27.785,16-Mar-07
27.885,19-Mar-07
27.985,20-Mar-07
28.095,21-Mar-07
27.94,22-Mar-07
28.145,23-Mar-07
28.425,26-Mar-07
28.32,27-Mar-07
28.165,28-Mar-07
28.27,29-Mar-07
28.305,30-Mar-07
28.59,2-Apr-07
28.43,3-Apr-07
28.61,4-Apr-07
28.59,5-Apr-07
28.495,6-Apr-07
28.525,9-Apr-07
28.905,10-Apr-07
28.86,11-Apr-07
28.98,12-Apr-07
29.16,13-Apr-07
29.12,16-Apr-07
29.16,17-Apr-07
29.145,18-Apr-07
29.015,19-Apr-07
29.145,20-Apr-07
28.985,23-Apr-07
28.85,24-Apr-07
29.08,25-Apr-07
28.785,26-Apr-07
28.885,27-Apr-07
28.89,30-Apr-07
28.78,1-May-07
28.68,2-May-07
28.62,3-May-07
28.59,4-May-07
28.66,7-May-07
28.72,8-May-07
28.66,9-May-07
28.56,10-May-07
28.775,11-May-07
28.665,14-May-07
28.77,15-May-07
28.49,16-May-07
28.51,17-May-07
28.415,18-May-07
28.415,21-May-07
28.35,22-May-07
28.505,23-May-07
28.315,24-May-07
28.31,25-May-07
28.355,28-May-07
28.345,29-May-07
28.525,30-May-07
28.67,31-May-07
28.78,1-Jun-07
28.78,4-Jun-07
28.875,5-Jun-07
29.105,6-Jun-07
29.065,7-Jun-07
29.265,8-Jun-07
29.22,11-Jun-07
29.07,12-Jun-07
29.095,13-Jun-07
28.965,14-Jun-07
29.18,15-Jun-07
29.17,18-Jun-07
29.295,19-Jun-07
29.18,20-Jun-07
29.32,21-Jun-07
29.325,22-Jun-07
29.29,25-Jun-07
29.19,26-Jun-07
28.97,27-Jun-07
29.255,28-Jun-07
29.295,29-Jun-07
29.59,2-Jul-07
29.285,3-Jul-07
29.31,4-Jul-07
29.115,5-Jul-07
29.205,6-Jul-07
29.085,9-Jul-07
28.83,10-Jul-07
28.76,11-Jul-07
28.87,12-Jul-07
29.03,13-Jul-07
28.995,16-Jul-07
29.095,17-Jul-07
29.395,18-Jul-07
29.495,19-Jul-07
29.61,20-Jul-07
29.78,23-Jul-07
29.63,24-Jul-07
29.805,25-Jul-07
29.27,26-Jul-07
28.72,27-Jul-07
28.89,30-Jul-07
28.745,31-Jul-07
28.93,1-Aug-07
29.025,2-Aug-07
28.95,3-Aug-07
29.075,6-Aug-07
28.995,7-Aug-07
29.295,8-Aug-07
28.89,9-Aug-07
28.76,10-Aug-07
28.67,13-Aug-07
28.425,14-Aug-07
27.965,15-Aug-07
27.435,16-Aug-07
27.56,17-Aug-07
27.7,20-Aug-07
27.685,21-Aug-07
27.895,22-Aug-07
28.22,23-Aug-07
28.445,24-Aug-07
28.47,27-Aug-07
27.97,28-Aug-07
28.25,29-Aug-07
28.01,30-Aug-07
28.055,31-Aug-07
28.21,3-Sep-07
28.265,4-Sep-07
28.21,5-Sep-07
28.435,6-Sep-07
28.315,7-Sep-07
28.24,10-Sep-07
28.575,11-Sep-07
28.82,12-Sep-07
28.69,13-Sep-07
28.84,14-Sep-07
28.575,17-Sep-07
29.215,18-Sep-07
29.345,19-Sep-07
29.545,20-Sep-07
29.65,21-Sep-07
29.705,24-Sep-07
29.91,25-Sep-07
30.01,26-Sep-07
30.155,27-Sep-07
30.41,28-Sep-07
30.62,1-Oct-07
30.265,2-Oct-07
30.21,3-Oct-07
30.41,4-Oct-07
30.715,5-Oct-07
30.565,8-Oct-07
30.81,9-Oct-07
30.69,10-Oct-07
30.755,11-Oct-07
30.87,12-Oct-07
30.745,15-Oct-07
30.32,16-Oct-07
30.42,17-Oct-07
30.635,18-Oct-07
30.43,19-Oct-07
30.27,22-Oct-07
30.7,23-Oct-07
30.83,24-Oct-07
31.01,25-Oct-07
31.33,26-Oct-07
31.4,29-Oct-07
31.25,30-Oct-07
31.65,31-Oct-07
30.945,1-Nov-07
31.38,2-Nov-07
31.3,5-Nov-07
31.565,6-Nov-07
31.555,7-Nov-07
31.485,8-Nov-07
30.92,9-Nov-07
29.69,12-Nov-07
30.325,13-Nov-07
30.36,14-Nov-07
30.005,15-Nov-07
30.215,16-Nov-07
29.92,19-Nov-07
30.155,20-Nov-07
29.37,21-Nov-07
29.485,22-Nov-07
29.685,23-Nov-07
29.435,26-Nov-07
29.68,27-Nov-07
30.135,28-Nov-07
29.87,29-Nov-07
29.935,30-Nov-07
29.785,3-Dec-07
29.56,4-Dec-07
29.43,5-Dec-07
29.685,6-Dec-07
29.605,7-Dec-07
29.85,10-Dec-07
29.31,11-Dec-07
29.665,12-Dec-07
29.425,13-Dec-07
28.92,14-Dec-07
28.82,17-Dec-07
28.945,18-Dec-07
28.925,19-Dec-07
28.9,20-Dec-07
29.23,21-Dec-07
29.36,24-Dec-07
29.35,25-Dec-07
29.495,26-Dec-07
29.655,27-Dec-07
29.47,28-Dec-07
29.5,31-Dec-07
29.52,1-Jan-08
29.665,2-Jan-08
29.455,3-Jan-08
29.14,4-Jan-08
29.06,7-Jan-08
29.22,8-Jan-08
29.3,9-Jan-08
29.7,10-Jan-08
29.555,11-Jan-08
29.83,14-Jan-08
29.24,15-Jan-08
29.105,16-Jan-08
29.085,17-Jan-08
29.065,18-Jan-08
28.585,21-Jan-08
28.86,22-Jan-08
28.975,23-Jan-08
29.155,24-Jan-08
29.065,25-Jan-08
29.365,28-Jan-08
29.39,29-Jan-08
29.615,30-Jan-08
29.575,31-Jan-08
29.77,1-Feb-08
29.91,4-Feb-08
29.495,5-Feb-08
29.485,6-Feb-08
29.41,7-Feb-08
29.5,8-Feb-08
29.765,11-Feb-08
29.7,12-Feb-08
29.46,13-Feb-08
29.51,14-Feb-08
29.53,15-Feb-08
29.705,18-Feb-08
29.855,19-Feb-08
29.82,20-Feb-08
29.83,21-Feb-08
29.85,22-Feb-08
29.91,25-Feb-08
30.115,26-Feb-08
30.265,27-Feb-08
30.37,28-Feb-08
29.315,29-Feb-08
29.72,3-Mar-08
29.335,4-Mar-08
29.46,5-Mar-08
29.225,6-Mar-08
29.245,7-Mar-08
28.925,10-Mar-08
29.335,11-Mar-08
29.42,12-Mar-08
29.725,13-Mar-08
29.435,14-Mar-08
28.855,17-Mar-08
28.965,18-Mar-08
28.44,19-Mar-08
28.16,20-Mar-08
28.22,21-Mar-08
28.535,24-Mar-08
28.925,25-Mar-08
28.915,26-Mar-08
28.84,27-Mar-08
28.86,28-Mar-08
28.74,31-Mar-08
28.555,1-Apr-08
28.79,2-Apr-08
28.975,3-Apr-08
29.24,4-Apr-08
29.29,7-Apr-08
29.505,8-Apr-08
29.495,9-Apr-08
29.385,10-Apr-08
29.3,11-Apr-08
29.29,14-Apr-08
29.265,15-Apr-08
29.575,16-Apr-08
29.395,17-Apr-08
29.35,18-Apr-08
29.715,21-Apr-08
29.69,22-Apr-08
29.85,23-Apr-08
29.69,24-Apr-08
29.605,25-Apr-08
29.755,28-Apr-08
29.585,29-Apr-08
29.83,30-Apr-08
29.5,1-May-08
29.69,2-May-08
29.985,5-May-08
30.1,6-May-08
29.845,7-May-08
30.14,8-May-08
30.17,9-May-08
30.47,12-May-08
30.36,13-May-08
30.33,14-May-08
30.48,15-May-08
30.845,16-May-08
30.735,19-May-08
30.685,20-May-08
30.665,21-May-08
30.595,22-May-08
30.77,23-May-08
30.885,26-May-08
30.85,27-May-08
31.11,28-May-08
31.03,29-May-08
31.055,30-May-08
31.115,2-Jun-08
31.055,3-Jun-08
31.29,4-Jun-08
31.6,5-Jun-08
31.88,6-Jun-08
31.54,9-Jun-08
31.245,10-Jun-08
31.32,11-Jun-08
30.98,12-Jun-08
31.18,13-Jun-08
31.295,16-Jun-08
31.26,17-Jun-08
31.54,18-Jun-08
31.75,19-Jun-08
31.805,20-Jun-08
31.87,23-Jun-08
32.015,24-Jun-08
32.235,25-Jun-08
32.13,26-Jun-08
32.21,27-Jun-08
32.02,30-Jun-08
31.92,1-Jul-08
32.105,2-Jul-08
32.055,3-Jul-08
32.285,4-Jul-08
32.165,7-Jul-08
32.125,8-Jul-08
32.135,9-Jul-08
32.41,10-Jul-08
32.555,11-Jul-08
32.72,14-Jul-08
32.765,15-Jul-08
32.625,16-Jul-08
32.52,17-Jul-08
32.36,18-Jul-08
32.62,21-Jul-08
32.425,22-Jul-08
32.09,23-Jul-08
32.085,24-Jul-08
31.985,25-Jul-08
32.04,28-Jul-08
31.885,29-Jul-08
31.625,30-Jul-08
31.57,31-Jul-08
31.145,1-Aug-08
31.17,4-Aug-08
30.795,5-Aug-08
30.575,6-Aug-08
30.46,7-Aug-08
29.935,8-Aug-08
29.805,11-Aug-08
29.315,12-Aug-08
29.44,13-Aug-08
29.36,14-Aug-08
29.315,15-Aug-08
29.32,18-Aug-08
29.74,19-Aug-08
29.81,20-Aug-08
29.895,21-Aug-08
29.38,22-Aug-08
29.425,25-Aug-08
29.285,26-Aug-08
29.24,27-Aug-08
29.415,28-Aug-08
29.375,29-Aug-08
29.145,1-Sep-08
28.76,2-Sep-08
28.75,3-Sep-08
28.07,4-Sep-08
28.22,5-Sep-08
28.195,8-Sep-08
27.68,9-Sep-08
27.61,10-Sep-08
28.07,11-Sep-08
28.575,12-Sep-08
27.92,15-Sep-08
27.23,16-Sep-08
26.95,17-Sep-08
27.34,18-Sep-08
28.435,19-Sep-08
28.585,22-Sep-08
28.005,23-Sep-08
28.35,24-Sep-08
28.33,25-Sep-08
28.185,26-Sep-08
27.315,29-Sep-08
26.86,30-Sep-08
26.81,1-Oct-08
26.33,2-Oct-08
26.45,3-Oct-08
24.795,6-Oct-08
24.365,7-Oct-08
22.8,8-Oct-08
23.43,9-Oct-08
22.095,10-Oct-08
23.89,13-Oct-08
23.83,14-Oct-08
22.405,15-Oct-08
23.74,16-Oct-08
23.57,17-Oct-08
24.19,20-Oct-08
23.17,21-Oct-08
23.23,22-Oct-08
23.32,23-Oct-08
21.605,24-Oct-08
20.98,27-Oct-08
22.59,28-Oct-08
23.3,29-Oct-08
23.645,30-Oct-08
23.41,31-Oct-08
23.69,3-Nov-08
24.51,4-Nov-08
23.995,5-Nov-08
23.255,6-Nov-08
23.62,7-Nov-08
23.36,10-Nov-08
22.995,11-Nov-08
22.3,12-Nov-08
23.305,13-Nov-08
22.695,14-Nov-08
22.72,17-Nov-08
22.835,18-Nov-08
22.365,19-Nov-08
21.395,20-Nov-08
22.17,21-Nov-08
23.04,24-Nov-08
22.9,25-Nov-08
23.05,26-Nov-08
23.3,27-Nov-08
23.23,28-Nov-08
22.38,1-Dec-08
22.53,2-Dec-08
22.77,3-Dec-08
22.71,4-Dec-08
22.81,5-Dec-08
23.25,8-Dec-08
23.03,9-Dec-08
22.99,10-Dec-08
23.73,11-Dec-08
23.02,12-Dec-08
23.55,15-Dec-08
24.28,16-Dec-08
24.53,17-Dec-08
24.02,18-Dec-08
23.59,19-Dec-08
23.94,22-Dec-08
23.85,23-Dec-08
24,24-Dec-08
23.74,25-Dec-08
24.29,26-Dec-08
24.36,29-Dec-08
24.24,30-Dec-08
24.98,31-Dec-08
24.72,1-Jan-09
25.04,2-Jan-09
25.2,5-Jan-09
25.46,6-Jan-09
25.03,7-Jan-09
25.03,8-Jan-09
24.68,9-Jan-09
23.97,12-Jan-09
23.52,13-Jan-09
23.45,14-Jan-09
23.48,15-Jan-09
23.93,16-Jan-09
23.54,19-Jan-09
22.91,20-Jan-09
23.24,21-Jan-09
23.08,22-Jan-09
23.24,23-Jan-09
23.34,26-Jan-09
23.42,27-Jan-09
23.45,28-Jan-09
22.94,29-Jan-09
22.43,30-Jan-09
22.3,2-Feb-09
22.93,3-Feb-09
22.69,4-Feb-09
23.03,5-Feb-09
24.06,6-Feb-09
23.85,9-Feb-09
23.24,10-Feb-09
23.18,11-Feb-09
23.32,12-Feb-09
23.59,13-Feb-09
22.82,16-Feb-09
22.72,17-Feb-09
22.87,18-Feb-09
23.16,19-Feb-09
23.46,20-Feb-09
23.1,23-Feb-09
23.51,24-Feb-09
23.41,25-Feb-09
23.55,26-Feb-09
23.19,27-Feb-09
23.14,2-Mar-09
23.32,3-Mar-09
23.61,4-Mar-09
23.41,5-Mar-09
23.2,6-Mar-09
23.18,9-Mar-09
23.54,10-Mar-09
23.56,11-Mar-09
23.72,12-Mar-09
24.01,13-Mar-09
23.88,16-Mar-09
23.97,17-Mar-09
24.49,18-Mar-09
24.58,19-Mar-09
24.45,20-Mar-09
25.09,23-Mar-09
24.99,24-Mar-09
25.01,25-Mar-09
25.07,26-Mar-09
24.51,27-Mar-09
24.43,30-Mar-09
24.8,31-Mar-09
25.02,1-Apr-09
25.65,2-Apr-09
25.23,3-Apr-09
25.21,6-Apr-09
25.55,7-Apr-09
25.37,8-Apr-09
25.74,9-Apr-09
25.81,10-Apr-09
26.33,13-Apr-09
25.86,14-Apr-09
26.01,15-Apr-09
25.71,16-Apr-09
25.89,17-Apr-09
25.1,20-Apr-09
25.4,21-Apr-09
25.36,22-Apr-09
25.52,23-Apr-09
25.85,24-Apr-09
24.83,27-Apr-09
24.8,28-Apr-09
25.39,29-Apr-09
25.48,30-Apr-09
25.68,1-May-09
25.78,4-May-09
25.72,5-May-09
26.04,6-May-09
26.11,7-May-09
26.59,8-May-09
26.04,11-May-09
26.26,12-May-09
25.78,13-May-09
25.98,14-May-09
25.61,15-May-09
26.14,18-May-09
26.4,19-May-09
26.573,20-May-09
26.58,21-May-09
26.773,22-May-09
26.662,25-May-09
26.88,26-May-09
26.55,27-May-09
26.78,28-May-09
27.458,29-May-09
27.42,1-Jun-09
27.67,2-Jun-09
27.1,3-Jun-09
27.316,4-Jun-09
26.84,5-Jun-09
26.97,8-Jun-09
27.07,9-Jun-09
27.16,10-Jun-09
27.7,11-Jun-09
27.792,12-Jun-09
26.9,15-Jun-09
26.7,16-Jun-09
26.96,17-Jun-09
27.06,18-Jun-09
27.445,19-Jun-09
26.51,22-Jun-09
26.86,23-Jun-09
27.142,24-Jun-09
27.271,25-Jun-09
27.453,26-Jun-09
27.33,29-Jun-09
27.23,30-Jun-09
27.29,1-Jul-09
26.81,2-Jul-09
27.012,3-Jul-09
26.94,6-Jul-09
26.59,7-Jul-09
26.28,8-Jul-09
26.48,9-Jul-09
26.29,10-Jul-09
26.52,13-Jul-09
26.86,14-Jul-09
27.05,15-Jul-09
27.1,16-Jul-09
27.06,17-Jul-09
27.42,20-Jul-09
27.46,21-Jul-09
27.48,22-Jul-09
27.43,23-Jul-09
27.51,24-Jul-09
27.67,27-Jul-09
27.74,28-Jul-09
27.51,29-Jul-09
27.84,30-Jul-09
28.2,31-Jul-09
28.39,3-Aug-09
28.45,4-Aug-09
28.31,5-Aug-09
28.32,6-Aug-09
28.22,7-Aug-09
28.21,10-Aug-09
28.25,11-Aug-09
28.41,12-Aug-09
28.69,13-Aug-09
28.33,14-Aug-09
28.04,17-Aug-09
28.24,18-Aug-09
28.27,19-Aug-09
28.31,20-Aug-09
28.39,21-Aug-09
28.49,24-Aug-09
28.33,25-Aug-09
28.14,26-Aug-09
28.6,27-Aug-09
28.62,28-Aug-09
28.65,31-Aug-09
28.1,1-Sep-09
28.42,2-Sep-09
28.59,3-Sep-09
28.97,4-Sep-09
29.12,7-Sep-09
29.38,8-Sep-09
29.33,9-Sep-09
29.35,10-Sep-09
29.32,11-Sep-09
29.28,14-Sep-09
29.295,15-Sep-09
29.435,16-Sep-09
29.345,17-Sep-09
29.24,18-Sep-09
29.145,21-Sep-09
29.43,22-Sep-09
29.175,23-Sep-09
29.035,24-Sep-09
29.13,25-Sep-09
29.32,28-Sep-09
29.385,29-Sep-09
29.555,30-Sep-09
29.09,1-Oct-09
28.99,2-Oct-09
29.33,5-Oct-09
29.675,6-Oct-09
29.815,7-Oct-09
30.115,8-Oct-09
30.12,9-Oct-09
30.265,12-Oct-09
30.195,13-Oct-09
30.655,14-Oct-09
30.925,15-Oct-09
30.64,16-Oct-09
30.995,19-Oct-09
30.885,20-Oct-09
30.975,21-Oct-09
31.035,22-Oct-09
30.86,23-Oct-09
30.65,26-Oct-09
30.695,27-Oct-09
30.075,28-Oct-09
30.595,29-Oct-09
30.1,30-Oct-09
30.255,2-Nov-09
30.245,3-Nov-09
30.385,4-Nov-09
30.425,5-Nov-09
30.67,6-Nov-09
31.015,9-Nov-09
30.995,10-Nov-09
30.975,11-Nov-09
30.825,12-Nov-09
31.03,13-Nov-09
31.095,16-Nov-09
30.905,17-Nov-09
30.775,18-Nov-09
30.505,19-Nov-09
30.39,20-Nov-09
30.645,23-Nov-09
30.605,24-Nov-09
30.785,25-Nov-09
29.94,26-Nov-09
30.14,27-Nov-09
30.495,30-Nov-09
30.69,1-Dec-09
30.755,2-Dec-09
30.605,3-Dec-09
30.33,4-Dec-09
30.335,7-Dec-09
29.935,8-Dec-09
30.135,9-Dec-09
30.355,10-Dec-09
30.23,11-Dec-09
30.345,14-Dec-09
30.045,15-Dec-09
29.825,16-Dec-09
29.395,17-Dec-09
29.6,18-Dec-09
29.27,21-Dec-09
29.145,22-Dec-09
29.335,23-Dec-09
29.46,24-Dec-09
29.46,25-Dec-09
29.585,28-Dec-09
29.81,29-Dec-09
29.815,30-Dec-09
29.89,31-Dec-09
29.89,1-Jan-10
30.305,4-Jan-10
30.235,5-Jan-10
30.495,6-Jan-10
30.415,7-Jan-10
30.64,8-Jan-10
30.705,11-Jan-10
30.425,12-Jan-10
30.495,13-Jan-10
30.625,14-Jan-10
30.32,15-Jan-10
30.455,18-Jan-10
30.345,19-Jan-10
30.045,20-Jan-10
29.855,21-Jan-10
29.75,22-Jan-10
29.83,25-Jan-10
29.74,26-Jan-10
29.59,27-Jan-10
29.6,28-Jan-10
29.31,29-Jan-10
29.565,1-Feb-10
29.35,2-Feb-10
29.19,3-Feb-10
28.805,4-Feb-10
28.84,5-Feb-10
28.66,8-Feb-10
29.08,9-Feb-10
29.095,10-Feb-10
29.555,11-Feb-10
29.465,12-Feb-10
29.495,15-Feb-10
29.865,16-Feb-10
29.815,17-Feb-10
29.565,18-Feb-10
29.825,19-Feb-10
29.825,22-Feb-10
29.53,23-Feb-10
29.545,24-Feb-10
29.32,25-Feb-10
29.58,26-Feb-10
29.575,1-Mar-10
29.575,2-Mar-10
29.565,3-Mar-10
29.355,4-Mar-10
29.63,5-Mar-10
29.715,8-Mar-10
29.955,9-Mar-10
29.845,10-Mar-10
29.925,11-Mar-10
29.775,12-Mar-10
29.755,15-Mar-10
29.785,16-Mar-10
29.835,17-Mar-10
29.775,18-Mar-10
29.58,19-Mar-10
29.685,22-Mar-10
29.675,23-Mar-10
29.515,24-Mar-10
29.435,25-Mar-10
29.31,26-Mar-10
29.675,29-Mar-10
29.785,30-Mar-10
29.665,31-Mar-10
29.795,1-Apr-10
29.75,2-Apr-10
29.795,5-Apr-10
30.005,6-Apr-10
29.99,7-Apr-10
30.01,8-Apr-10
30.06,9-Apr-10
29.975,12-Apr-10
30.045,13-Apr-10
30.195,14-Apr-10
30.085,15-Apr-10
29.795,16-Apr-10
29.845,19-Apr-10
29.915,20-Apr-10
29.885,21-Apr-10
29.875,22-Apr-10
29.89,23-Apr-10
29.895,26-Apr-10
29.625,27-Apr-10
29.905,28-Apr-10
30.045,29-Apr-10
29.91,30-Apr-10
29.935,3-May-10
29.465,4-May-10
29.365,5-May-10
28.76,6-May-10
28.675,7-May-10
29.09,10-May-10
28.955,11-May-10
28.91,12-May-10
28.985,13-May-10
28.68,14-May-10
28.445,17-May-10
27.79,18-May-10
27.415,19-May-10
26.505,20-May-10
26.99,21-May-10
26.73,24-May-10
26.88,25-May-10
26.815,26-May-10
27.62,27-May-10
27.58,28-May-10
27.455,31-May-10
27.185,1-Jun-10
27.475,2-Jun-10
27.49,3-Jun-10
26.855,4-Jun-10
26.515,7-Jun-10
26.89,8-Jun-10
27.07,9-Jun-10
27.555,10-Jun-10
27.595,11-Jun-10
27.775,14-Jun-10
28,15-Jun-10
27.93,16-Jun-10
28.095,17-Jun-10
28.265,18-Jun-10
28.345,21-Jun-10
28.195,22-Jun-10
28.335,23-Jun-10
28.1,24-Jun-10
28.3,25-Jun-10
28.195,28-Jun-10
27.545,29-Jun-10
27.275,30-Jun-10
27.335,1-Jul-10
27.28,2-Jul-10
27.075,5-Jul-10
27.635,6-Jul-10
28.04,7-Jul-10
28.445,8-Jul-10
28.4,9-Jul-10
28.385,12-Jul-10
28.58,13-Jul-10
28.485,14-Jul-10
28.385,15-Jul-10
28.02,16-Jul-10
28.055,19-Jul-10
28.56,20-Jul-10
28.365,21-Jul-10
28.85,22-Jul-10
28.88,23-Jul-10
29.015,26-Jul-10
29.02,27-Jul-10
28.725,28-Jul-10
29.035,29-Jul-10
29.18,30-Jul-10
29.37,2-Aug-10
29.38,3-Aug-10
29.445,4-Aug-10
29.345,5-Aug-10
29.41,6-Aug-10
29.29,9-Aug-10
29.13,10-Aug-10
28.65,11-Aug-10
28.655,12-Aug-10
28.49,13-Aug-10
28.49,16-Aug-10
28.73,17-Aug-10
28.35,18-Aug-10
28.075,19-Aug-10
28.188,20-Aug-10
28.01,23-Aug-10
27.85,24-Aug-10
27.89,25-Aug-10
27.755,26-Aug-10
28.12,27-Aug-10
27.905,30-Aug-10
27.895,31-Aug-10
28.31,1-Sep-10
28.315,2-Sep-10
28.575,3-Sep-10
28.5,6-Sep-10
28.45,7-Sep-10
28.4175,8-Sep-10
28.485,9-Sep-10
28.53,10-Sep-10
28.695,13-Sep-10
28.915,14-Sep-10
28.97,15-Sep-10
28.795,16-Sep-10
28.795,17-Sep-10
29.075,20-Sep-10
29.37,21-Sep-10
29.315,22-Sep-10
29.06,23-Sep-10
29.44,24-Sep-10
29.335,27-Sep-10
29.515,28-Sep-10
29.485,29-Sep-10
29.285,30-Sep-10
29.358,1-Oct-10
29.18,4-Oct-10
29.235,5-Oct-10
29.185,6-Oct-10
29.425,7-Oct-10
29.485,8-Oct-10
29.525,11-Oct-10
29.515,12-Oct-10
29.655,13-Oct-10
29.55,14-Oct-10
29.582,15-Oct-10
29.605,18-Oct-10
29.025,19-Oct-10
29.465,20-Oct-10
29.22,21-Oct-10
29.413,22-Oct-10
29.56,25-Oct-10
29.46,26-Oct-10
29.21,27-Oct-10
29.335,28-Oct-10
29.453,29-Oct-10
29.53,1-Nov-10
29.765,2-Nov-10
29.82,3-Nov-10
30.14,4-Nov-10
30.123,5-Nov-10
29.9625,8-Nov-10
29.74,9-Nov-10
29.72,10-Nov-10
29.665,11-Nov-10
29.408,12-Nov-10
29.43,15-Nov-10
29.235,16-Nov-10
29.4475,17-Nov-10
29.645,18-Nov-10
29.583,19-Nov-10
29.605,22-Nov-10
29.33,23-Nov-10
29.575,24-Nov-10
29.373,25-Nov-10
29.21,26-Nov-10
29.04,29-Nov-10
28.995,30-Nov-10
29.005,1-Dec-10
29.295,2-Dec-10
29.825,3-Dec-10
29.682,6-Dec-10
29.54,7-Dec-10
29.495,8-Dec-10
29.615,9-Dec-10
29.6325,10-Dec-10
29.895,13-Dec-10
29.955,14-Dec-10
29.725,15-Dec-10
29.81,16-Dec-10
29.79,17-Dec-10
29.968,20-Dec-10
30.065,21-Dec-10
30.135,22-Dec-10
30.275,23-Dec-10
30.325,24-Dec-10
30.365,27-Dec-10
30.448,28-Dec-10
30.663,29-Dec-10
30.613,30-Dec-10
30.7525,31-Dec-10
30.58,3-Jan-11
30.325,4-Jan-11
30.215,5-Jan-11
30.07,6-Jan-11
30.2375,7-Jan-11
30.51,10-Jan-11
29.973,11-Jan-11
30.228,12-Jan-11
30.365,13-Jan-11
30.165,14-Jan-11
30.345,17-Jan-11
30.415,18-Jan-11
30.405,19-Jan-11
30.18,20-Jan-11
30.38,21-Jan-11
30.87,24-Jan-11
30.79,25-Jan-11
30.783,26-Jan-11
30.545,27-Jan-11
30.8525,28-Jan-11
30.815,31-Jan-11
31.11,1-Feb-11
31.215,2-Feb-11
31.363,3-Feb-11
31.2175,4-Feb-11
31.14,7-Feb-11
31.15,8-Feb-11
31.05,9-Feb-11
30.845,10-Feb-11
30.86,11-Feb-11
30.805,14-Feb-11
30.598,15-Feb-11
30.72,16-Feb-11
30.965,17-Feb-11
31.015,18-Feb-11
30.813,21-Feb-11
30.66,22-Feb-11
30.708,23-Feb-11
30.935,24-Feb-11
31.165,25-Feb-11
31.15,28-Feb-11
30.965,1-Mar-11
31.02,2-Mar-11
30.875,3-Mar-11
30.88,4-Mar-11
30.79,7-Mar-11
30.625,8-Mar-11
30.6,9-Mar-11
30.455,10-Mar-11
30.7825,11-Mar-11
30.585,14-Mar-11
30.135,15-Mar-11
29.501,16-Mar-11
29.706,17-Mar-11
30.181,18-Mar-11
30.435,21-Mar-11
30.485,22-Mar-11
30.665,23-Mar-11
30.87,24-Mar-11
31.0625,25-Mar-11
31.005,28-Mar-11
31.26,29-Mar-11
31.3,30-Mar-11
31.245,31-Mar-11
31.43,1-Apr-11
31.288,4-Apr-11
31.18,5-Apr-11
31.45,6-Apr-11
31.448,7-Apr-11
31.735,8-Apr-11
31.542,11-Apr-11
31.548,12-Apr-11
31.633,13-Apr-11
31.758,14-Apr-11
31.83,15-Apr-11
31.608,18-Apr-11
31.693,19-Apr-11
32.028,20-Apr-11
32.142,21-Apr-11
32.13,22-Apr-11
32.112,25-Apr-11
32.373,26-Apr-11
32.513,27-Apr-11
32.718,28-Apr-11
32.7775,29-Apr-11
32.6625,2-May-11
32.5625,3-May-11
32.2925,4-May-11
32.1425,5-May-11
32.325,6-May-11
32.5825,9-May-11
32.6775,10-May-11
32.2625,11-May-11
32.2475,12-May-11
32.0175,13-May-11
32.0325,16-May-11
32.2125,17-May-11
32.1625,18-May-11
32.2775,19-May-11
32.2875,20-May-11
31.9275,23-May-11
32.0775,24-May-11
31.9975,25-May-11
32.3275,26-May-11
32.445,27-May-11
32.5075,30-May-11
32.3725,31-May-11
32.1775,1-Jun-11
32.3775,2-Jun-11
32.4525,3-Jun-11
32.4975,6-Jun-11
32.4075,7-Jun-11
32.3575,8-Jun-11
32.3575,9-Jun-11
32.0525,10-Jun-11
32.3175,13-Jun-11
32.5425,14-Jun-11
32.3725,15-Jun-11
32.3525,16-Jun-11
32.44,17-Jun-11
32.4075,20-Jun-11
32.2975,21-Jun-11
32.1675,22-Jun-11
32.2625,23-Jun-11
32.225,24-Jun-11
32.3475,27-Jun-11
32.6375,28-Jun-11
32.9225,29-Jun-11
32.8725,30-Jun-11
33.08,1-Jul-11
32.6925,4-Jul-11
32.5975,5-Jul-11
32.5775,6-Jul-11
32.6075,7-Jul-11
32.52,8-Jul-11
32.2975,11-Jul-11
32.1525,12-Jul-11
32.3625,13-Jul-11
32.2825,14-Jul-11
32.02,15-Jul-11
31.9275,18-Jul-11
32.1075,19-Jul-11
32.1625,20-Jul-11
32.323,21-Jul-11
32.34,22-Jul-11
32.257,25-Jul-11
32.507,26-Jul-11
32.808,27-Jul-11
32.677,28-Jul-11
32.7375,29-Jul-11
32.668,1-Aug-11
32.063,2-Aug-11
31.983,3-Aug-11
31.3,4-Aug-11
31.1625,5-Aug-11
30.405,8-Aug-11
30.868,9-Aug-11
30.3225,10-Aug-11
30.915,11-Aug-11
31.0075,12-Aug-11
31.253,15-Aug-11
31.273,16-Aug-11
31.518,17-Aug-11
30.915,18-Aug-11
31.0275,19-Aug-11
30.993,22-Aug-11
31.393,23-Aug-11
31.328,24-Aug-11
31.395,25-Aug-11
31.685,26-Aug-11
31.998,29-Aug-11
32.063,30-Aug-11
32.02,31-Aug-11
32.147,1-Sep-11
31.84,2-Sep-11
31.458,5-Sep-11
31.535,6-Sep-11
31.923,7-Sep-11
31.788,8-Sep-11
31.49,9-Sep-11
31.158,12-Sep-11
31.148,13-Sep-11
31.103,14-Sep-11
31.318,15-Sep-11
31.4475,16-Sep-11
31.17,19-Sep-11
31.205,20-Sep-11
30.853,21-Sep-11
30.175,22-Sep-11
30.235,23-Sep-11
30.505,26-Sep-11
30.535,27-Sep-11
30.265,28-Sep-11
30.505,29-Sep-11
30.15,30-Sep-11
29.72,3-Oct-11
29.74,4-Oct-11
30.0075,5-Oct-11
30.225,6-Oct-11
30.2775,7-Oct-11
30.75,10-Oct-11
30.748,11-Oct-11
31.255,12-Oct-11
31.423,13-Oct-11
31.84,14-Oct-11
31.25,17-Oct-11
31.453,18-Oct-11
31.5575,19-Oct-11
31.7525,20-Oct-11
32.065,21-Oct-11
32.2025,24-Oct-11
32.1375,25-Oct-11
32.0425,26-Oct-11
32.6725,27-Oct-11
32.71,28-Oct-11
32.4175,31-Oct-11
31.8825,1-Nov-11
31.59,2-Nov-11
31.895,3-Nov-11
31.7875,4-Nov-11
31.775,7-Nov-11
31.82,8-Nov-11
31.208,9-Nov-11
31.2925,10-Nov-11
31.6175,11-Nov-11
31.4425,14-Nov-11
31.28,15-Nov-11
31.025,16-Nov-11
30.85,17-Nov-11
31.0325,18-Nov-11
30.775,21-Nov-11
30.71,22-Nov-11
30.425,23-Nov-11
30.353,24-Nov-11
30.5025,25-Nov-11
31.02,28-Nov-11
31.3275,29-Nov-11
31.65,30-Nov-11
31.515,1-Dec-11
31.4675,2-Dec-11
31.58,5-Dec-11
31.603,6-Dec-11
31.635,7-Dec-11
31.355,8-Dec-11
31.5825,9-Dec-11
31.328,12-Dec-11
31.21,13-Dec-11
31.06,14-Dec-11
31.208,15-Dec-11
31.245,16-Dec-11
31.04,19-Dec-11
31.49,20-Dec-11
31.493,21-Dec-11
31.685,22-Dec-11
31.7725,23-Dec-11
31.8325,26-Dec-11
31.9,27-Dec-11
31.89,28-Dec-11
32.1925,29-Dec-11
32.1425,30-Dec-11
32.3075,2-Jan-12
32.465,3-Jan-12
32.6,4-Jan-12
32.435,5-Jan-12
32.3975,6-Jan-12
32.57,9-Jan-12
32.585,10-Jan-12
32.7475,11-Jan-12
32.8275,12-Jan-12
32.8575,13-Jan-12
32.892,16-Jan-12
32.9975,17-Jan-12
33.04,18-Jan-12
32.925,19-Jan-12
33.0475,20-Jan-12
33.045,23-Jan-12
32.935,24-Jan-12
33.305,25-Jan-12
33.2475,26-Jan-12
33.095,27-Jan-12
32.995,30-Jan-12
32.915,31-Jan-12
33.1475,1-Feb-12
33.075,2-Feb-12
33.265,3-Feb-12
33.1875,6-Feb-12
33.35,7-Feb-12
33.15,8-Feb-12
33.125,9-Feb-12
32.9625,10-Feb-12
32.98,13-Feb-12
33.023,14-Feb-12
32.935,15-Feb-12
33.135,16-Feb-12
32.9675,17-Feb-12
33.0025,20-Feb-12
32.755,21-Feb-12
32.46,22-Feb-12
32.472,23-Feb-12
32.4275,24-Feb-12
32.7425,27-Feb-12
32.7125,28-Feb-12
32.72,29-Feb-12
32.968,1-Mar-12
32.835,2-Mar-12
32.715,5-Mar-12
32.505,6-Mar-12
32.53,7-Mar-12
32.52,8-Mar-12
32.315,9-Mar-12
32.23,12-Mar-12
32.27,13-Mar-12
32.165,14-Mar-12
32.365,15-Mar-12
32.535,16-Mar-12
32.57,19-Mar-12
32.25,20-Mar-12
32.185,21-Mar-12
32,22-Mar-12
32.19,23-Mar-12
32.34,26-Mar-12
32.14,27-Mar-12
32.005,28-Mar-12
32.085,29-Mar-12
31.915,30-Mar-12
32.095,2-Apr-12
31.835,3-Apr-12
31.835,4-Apr-12
31.92,5-Apr-12
31.925,6-Apr-12
31.88,9-Apr-12
31.77,10-Apr-12
31.825,11-Apr-12
32.15,12-Apr-12
31.925,13-Apr-12
31.86,16-Apr-12
31.995,17-Apr-12
31.945,18-Apr-12
31.91,19-Apr-12
32.1,20-Apr-12
31.99,23-Apr-12
31.9,24-Apr-12
32.13,25-Apr-12
32.025,26-Apr-12
32.2,27-Apr-12
32.05,30-Apr-12
31.735,1-May-12
31.89,2-May-12
31.78,3-May-12
31.5,4-May-12
31.63,7-May-12
31.385,8-May-12
31.19,9-May-12
31.355,10-May-12
31.275,11-May-12
31.24,14-May-12
31.15,15-May-12
31.12,16-May-12
31.005,17-May-12
30.83,18-May-12
31.06,21-May-12
30.725,22-May-12
30.81,23-May-12
30.82,24-May-12
30.92,25-May-12
31.17,28-May-12
31.22,29-May-12
30.94,30-May-12
31.005,31-May-12
30.71,1-Jun-12
30.61,4-Jun-12
30.775,5-Jun-12
31.235,6-Jun-12
31.395,7-Jun-12
31.425,8-Jun-12
31.24,11-Jun-12
31.45,12-Jun-12
31.31,13-Jun-12
31.59,14-Jun-12
31.79,15-Jun-12
31.88,18-Jun-12
31.98,19-Jun-12
32.115,20-Jun-12
31.925,21-Jun-12
32.045,22-Jun-12
31.835,25-Jun-12
32.055,26-Jun-12
32.125,27-Jun-12
32,28-Jun-12
32.32,29-Jun-12
32.33,2-Jul-12
32.3,3-Jul-12
32.365,4-Jul-12
32.47,5-Jul-12
32.425,6-Jul-12
32.4,9-Jul-12
32.3,10-Jul-12
32.535,11-Jul-12
32.22,12-Jul-12
32.4,13-Jul-12
32.355,16-Jul-12
32.64,17-Jul-12
32.83,18-Jul-12
32.915,19-Jul-12
32.87,20-Jul-12
32.57,23-Jul-12
32.495,24-Jul-12
32.61,25-Jul-12
32.835,26-Jul-12
33.055,27-Jul-12
33.165,30-Jul-12
33.08,31-Jul-12
33.005,1-Aug-12
33.085,2-Aug-12
33.375,3-Aug-12
33.255,6-Aug-12
33.265,7-Aug-12
33.305,8-Aug-12
33.295,9-Aug-12
33.285,10-Aug-12
33.045,13-Aug-12
33.03,14-Aug-12
33.09,15-Aug-12
33.07,16-Aug-12
32.845,17-Aug-12
32.935,20-Aug-12
32.91,21-Aug-12
32.965,22-Aug-12
32.525,23-Aug-12
32.49,24-Aug-12
32.405,27-Aug-12
32.415,28-Aug-12
32.425,29-Aug-12
32.32,30-Aug-12
32.35,31-Aug-12
31.98,3-Sep-12
31.91,4-Sep-12
31.84,5-Sep-12
32.075,6-Sep-12
32.29,7-Sep-12
32.09,10-Sep-12
32.375,11-Sep-12
32.445,12-Sep-12
32.7,13-Sep-12
32.465,14-Sep-12
32.3,17-Sep-12
32.22,18-Sep-12
32.265,19-Sep-12
32.19,20-Sep-12
32.225,21-Sep-12
32.24,24-Sep-12
32.13,25-Sep-12
32.16,26-Sep-12
32.23,27-Sep-12
31.995,28-Sep-12
31.88,1-Oct-12
31.525,2-Oct-12
31.32,3-Oct-12
31.32,4-Oct-12
31.135,5-Oct-12
31.205,8-Oct-12
31.325,9-Oct-12
31.41,10-Oct-12
31.505,11-Oct-12
31.355,12-Oct-12
31.495,15-Oct-12
31.545,16-Oct-12
31.765,17-Oct-12
31.765,18-Oct-12
31.705,19-Oct-12
31.71,22-Oct-12
31.585,23-Oct-12
31.85,24-Oct-12
31.76,25-Oct-12
31.885,26-Oct-12
31.73,29-Oct-12
31.845,30-Oct-12
31.85,31-Oct-12
31.94,1-Nov-12
31.825,2-Nov-12
31.925,5-Nov-12
32.095,6-Nov-12
31.99,7-Nov-12
31.925,8-Nov-12
31.82,9-Nov-12
31.94,12-Nov-12
32,13-Nov-12
31.84,14-Nov-12
31.75,15-Nov-12
31.79,16-Nov-12
31.93,19-Nov-12
31.85,20-Nov-12
31.825,21-Nov-12
31.89,22-Nov-12
32.07,23-Nov-12
32.105,26-Nov-12
32.05,27-Nov-12
32.18,28-Nov-12
32.03,29-Nov-12
32.055,30-Nov-12
31.92,3-Dec-12
32.12,4-Dec-12
32.08,5-Dec-12
32.145,6-Dec-12
32.13,7-Dec-12
32.145,10-Dec-12
32.235,11-Dec-12
32.305,12-Dec-12
32.245,13-Dec-12
32.32,14-Dec-12
32.3,17-Dec-12
32.225,18-Dec-12
32.085,19-Dec-12
32.115,20-Dec-12
31.85,21-Dec-12
31.74,24-Dec-12
31.75,25-Dec-12
31.8,26-Dec-12
31.79,27-Dec-12
31.735,28-Dec-12
31.81,31-Dec-12
31.795,1-Jan-13
31.815,2-Jan-13
31.75,3-Jan-13
31.945,4-Jan-13
31.995,7-Jan-13
31.945,8-Jan-13
31.95,9-Jan-13
32.06,10-Jan-13
31.91,11-Jan-13
31.945,14-Jan-13
31.625,15-Jan-13
31.53,16-Jan-13
31.42,17-Jan-13
31.245,18-Jan-13
31.265,21-Jan-13
31.385,22-Jan-13
31.455,23-Jan-13
31.195,24-Jan-13
31.24,25-Jan-13
31.19,28-Jan-13
31.27,29-Jan-13
30.95,30-Jan-13
31.125,31-Jan-13
30.99,1-Feb-13
31.065,4-Feb-13
30.93,5-Feb-13
30.74,6-Feb-13
30.645,7-Feb-13
30.75,8-Feb-13
30.68,11-Feb-13
30.73,12-Feb-13
30.88,13-Feb-13
30.87,14-Feb-13
30.79,15-Feb-13
30.785,18-Feb-13
30.94,19-Feb-13
30.575,20-Feb-13
30.55,21-Feb-13
30.81,22-Feb-13
30.65,25-Feb-13
30.5,26-Feb-13
30.57,27-Feb-13
30.43,28-Feb-13
30.4,1-Mar-13
30.39,4-Mar-13
30.515,5-Mar-13
30.51,6-Mar-13
30.53,7-Mar-13
30.43,8-Mar-13
30.56,11-Mar-13
30.55,12-Mar-13
30.51,13-Mar-13
30.805,14-Mar-13
30.75,15-Mar-13
30.69,18-Mar-13
30.35,19-Mar-13
30.24,20-Mar-13
30.47,21-Mar-13
30.57,22-Mar-13
30.635,25-Mar-13
30.725,26-Mar-13
30.58,27-Mar-13
30.54,28-Mar-13
30.515,29-Mar-13
30.56,1-Apr-13
30.75,2-Apr-13
30.68,3-Apr-13
30.57,4-Apr-13
30.345,5-Apr-13
30.425,8-Apr-13
30.4,9-Apr-13
30.6,10-Apr-13
30.59,11-Apr-13
30.53,12-Apr-13
29.98,15-Apr-13
30.1,16-Apr-13
29.69,17-Apr-13
29.53,18-Apr-13
29.41,19-Apr-13
29.475,22-Apr-13
29.58,23-Apr-13
29.75,24-Apr-13
30.07,25-Apr-13
30.055,26-Apr-13
30.295,29-Apr-13
30.36,30-Apr-13
30.13,1-May-13
30.17,2-May-13
30.67,3-May-13
30.365,6-May-13
30.12,7-May-13
29.85,8-May-13
29.735,9-May-13
29.86,10-May-13
29.54,13-May-13
29.36,14-May-13
29.48,15-May-13
29.155,16-May-13
29.05,17-May-13
29.245,20-May-13
29.2,21-May-13
28.98,22-May-13
29.175,23-May-13
28.905,24-May-13
28.755,27-May-13
28.9,28-May-13
29.06,29-May-13
29.155,30-May-13
29.12,31-May-13
29.68,3-Jun-13
29.38,4-Jun-13
29.135,5-Jun-13
29.33,6-Jun-13
29.09,7-Jun-13
29.11,10-Jun-13
29.165,11-Jun-13
29.33,12-Jun-13
29.655,13-Jun-13
29.245,14-Jun-13
29.28,17-Jun-13
29.275,18-Jun-13
28.545,19-Jun-13
28.65,20-Jun-13
28.75,21-Jun-13
28.735,24-Jun-13
28.79,25-Jun-13
28.875,26-Jun-13
28.89,27-Jun-13
28.465,28-Jun-13
28.575,1-Jul-13
28.335,2-Jul-13
28.235,3-Jul-13
28.435,4-Jul-13
28.31,5-Jul-13
28.71,8-Jul-13
28.66,9-Jul-13
28.66,10-Jul-13
28.615,11-Jul-13
28.18,12-Jul-13
28.31,15-Jul-13
28.73,16-Jul-13
28.645,17-Jul-13
28.455,18-Jul-13
28.45,19-Jul-13
28.61,22-Jul-13
28.765,23-Jul-13
28.415,24-Jul-13
28.725,25-Jul-13
28.82,26-Jul-13
28.675,29-Jul-13
28.33,30-Jul-13
28.165,31-Jul-13
27.97,1-Aug-13
27.86,2-Aug-13
28.015,5-Aug-13
28.21,6-Aug-13
28.26,7-Aug-13
28.39,8-Aug-13
28.7,9-Aug-13
28.565,12-Aug-13
28.52,13-Aug-13
28.505,14-Aug-13
28.6,15-Aug-13
28.735,16-Aug-13
28.59,19-Aug-13
28.685,20-Aug-13
28.59,21-Aug-13
28.855,22-Aug-13
28.76,23-Aug-13
28.89,26-Aug-13
28.905,27-Aug-13
28.775,28-Aug-13
28.695,29-Aug-13
28.6,30-Aug-13
28.755,2-Sep-13
29.155,3-Sep-13
29.495,4-Sep-13
29.495,5-Sep-13
29.58,6-Sep-13
29.63,9-Sep-13
29.925,10-Sep-13
29.795,11-Sep-13
29.34,12-Sep-13
29.44,13-Sep-13
29.515,16-Sep-13
29.66,17-Sep-13
29.77,18-Sep-13
29.3,19-Sep-13
29.225,20-Sep-13
29.415,23-Sep-13
29.415,24-Sep-13
29.28,25-Sep-13
29.225,26-Sep-13
29.175,27-Sep-13
29.105,30-Sep-13
29.34,1-Oct-13
29.34,2-Oct-13
29.405,3-Oct-13
29.5,4-Oct-13
29.585,7-Oct-13
29.58,8-Oct-13
29.675,9-Oct-13
29.625,10-Oct-13
29.615,11-Oct-13
29.68,14-Oct-13
29.795,15-Oct-13
29.84,16-Oct-13
29.89,17-Oct-13
30.045,18-Oct-13
30.08,21-Oct-13
30.13,22-Oct-13
30.02,23-Oct-13
29.97,24-Oct-13
29.725,25-Oct-13
29.725,28-Oct-13
29.45,29-Oct-13
29.5,30-Oct-13
29.48,31-Oct-13
29.445,1-Nov-13
29.755,4-Nov-13
29.75,5-Nov-13
29.765,6-Nov-13
29.635,7-Nov-13
29.55,8-Nov-13
29.605,11-Nov-13
29.42,12-Nov-13
29.495,13-Nov-13
29.405,14-Nov-13
29.605,15-Nov-13
29.62,18-Nov-13
29.835,19-Nov-13
29.61,20-Nov-13
29.39,21-Nov-13
29.18,22-Nov-13
29.34,25-Nov-13
29.295,26-Nov-13
29.155,27-Nov-13
29.205,28-Nov-13
29.205,29-Nov-13
29.305,2-Dec-13
29.4,3-Dec-13
29.095,4-Dec-13
29.18,5-Dec-13
29.335,6-Dec-13
29.27,9-Dec-13
29.34,10-Dec-13
29.02,11-Dec-13
28.705,12-Dec-13
28.745,13-Dec-13
28.64,16-Dec-13
28.565,17-Dec-13
28.65,18-Dec-13
28.8,19-Dec-13
29.095,20-Dec-13
29.215,23-Dec-13
29.145,24-Dec-13
29.23,25-Dec-13
29.215,26-Dec-13
29.125,27-Dec-13
29.21,30-Dec-13
29.165,31-Dec-13
29.055,1-Jan-14
29.375,2-Jan-14
29.53,3-Jan-14
29.655,6-Jan-14
29.525,7-Jan-14
29.425,8-Jan-14
29.365,9-Jan-14
29.685,10-Jan-14
29.85,13-Jan-14
29.39,14-Jan-14
29.305,15-Jan-14
28.92,16-Jan-14
28.83,17-Jan-14
28.905,20-Jan-14
28.96,21-Jan-14
29.14,22-Jan-14
28.83,23-Jan-14
28.52,24-Jan-14
28.76,27-Jan-14
28.89,28-Jan-14
28.8,29-Jan-14
29.035,30-Jan-14
28.915,31-Jan-14
28.83,3-Feb-14
29.235,4-Feb-14
29.185,5-Feb-14
29.365,6-Feb-14
29.39,7-Feb-14
29.355,10-Feb-14
29.58,11-Feb-14
29.365,12-Feb-14
29.235,13-Feb-14
29.205,14-Feb-14
29.11,17-Feb-14
29.335,18-Feb-14
29.33,19-Feb-14
29.315,20-Feb-14
29.205,21-Feb-14
29.4,24-Feb-14
29.36,25-Feb-14
29.225,26-Feb-14
29.21,27-Feb-14
29.04,28-Feb-14
29.07,3-Mar-14
28.935,4-Mar-14
29.015,5-Mar-14
29.315,6-Mar-14
29.335,7-Mar-14
29.2,10-Mar-14
29.06,11-Mar-14
29.12,12-Mar-14
29.225,13-Mar-14
29.135,14-Mar-14
29.28,17-Mar-14
29.315,18-Mar-14
29.08,19-Mar-14
29.28,20-Mar-14
29.405,21-Mar-14
29.63,24-Mar-14
29.855,25-Mar-14
30.04,26-Mar-14
30.11,27-Mar-14
30.055,28-Mar-14
30.04,31-Mar-14
29.91,1-Apr-14
30.005,2-Apr-14
29.995,3-Apr-14
30.17,4-Apr-14
30.105,7-Apr-14
30.21,8-Apr-14
30.24,9-Apr-14
30.38,10-Apr-14
30.355,11-Apr-14
30.415,14-Apr-14
30.245,15-Apr-14
30.2,16-Apr-14
30.03,17-Apr-14
30.035,18-Apr-14
30.075,21-Apr-14
30.275,22-Apr-14
30.055,23-Apr-14
29.97,24-Apr-14
29.91,25-Apr-14
29.865,28-Apr-14
29.9,29-Apr-14
30.05,30-Apr-14
30.025,1-May-14
30.065,2-May-14
30.01,5-May-14
30.245,6-May-14
30.21,7-May-14
30.455,8-May-14
30.55,9-May-14
30.525,12-May-14
30.525,13-May-14
30.4,14-May-14
30.415,15-May-14
30.43,16-May-14
30.3,19-May-14
30.08,20-May-14
30.04,21-May-14
30.055,22-May-14
30.035,23-May-14
30.09,26-May-14
30.21,27-May-14
30.195,28-May-14
30.525,29-May-14
30.565,30-May-14
30.385,2-Jun-14
30.21,3-Jun-14
30.3,4-Jun-14
30.485,5-Jun-14
30.315,6-Jun-14
30.335,9-Jun-14
30.44,10-Jun-14
30.465,11-Jun-14
30.595,12-Jun-14
30.435,13-Jun-14
30.425,16-Jun-14
30.345,17-Jun-14
30.515,18-Jun-14
30.52,19-Jun-14
30.485,20-Jun-14
30.57,23-Jun-14
30.4,24-Jun-14
30.53,25-Jun-14
30.575,26-Jun-14
30.585,27-Jun-14
30.59,30-Jun-14
30.765,1-Jul-14
30.575,2-Jul-14
30.28,3-Jul-14
30.315,4-Jul-14
30.385,7-Jul-14
30.44,8-Jul-14
30.305,9-Jul-14
30.245,10-Jul-14
30.185,11-Jul-14
30.19,14-Jul-14
30.12,15-Jul-14
30.08,16-Jul-14
30.1,17-Jul-14
30.17,18-Jul-14
29.915,21-Jul-14
29.835,22-Jul-14
30.06,23-Jul-14
29.995,24-Jul-14
29.925,25-Jul-14
29.925,28-Jul-14
29.875,29-Jul-14
29.82,30-Jul-14
29.925,31-Jul-14
29.925,1-Aug-14
30.03,4-Aug-14
29.97,5-Aug-14
30.105,6-Aug-14
29.89,7-Aug-14
29.805,8-Aug-14
29.72,11-Aug-14
29.735,12-Aug-14
29.73,13-Aug-14
29.68,14-Aug-14
29.715,15-Aug-14
29.67,18-Aug-14
29.68,19-Aug-14
29.73,20-Aug-14
29.745,21-Aug-14
29.755,22-Aug-14
29.735,25-Aug-14
29.72,26-Aug-14
29.78,27-Aug-14
29.885,28-Aug-14
29.825,29-Aug-14
29.835,1-Sep-14
29.8,2-Sep-14
29.94,3-Sep-14
29.995,4-Sep-14
30.005,5-Sep-14
29.765,8-Sep-14
29.535,9-Sep-14
29.46,10-Sep-14
29.28,11-Sep-14
29.155,12-Sep-14
29.135,15-Sep-14
29.29,16-Sep-14
28.93,17-Sep-14
29,18-Sep-14
28.745,19-Sep-14
28.625,22-Sep-14
28.515,23-Sep-14
28.63,24-Sep-14
28.375,25-Sep-14
28.335,26-Sep-14
28.245,29-Sep-14
28.365,30-Sep-14
28.335,1-Oct-14
28.57,2-Oct-14
28.315,3-Oct-14
28.585,6-Oct-14
28.735,7-Oct-14
28.81,8-Oct-14
28.5,9-Oct-14
28.185,10-Oct-14
28.425,13-Oct-14
28.315,14-Oct-14
28.635,15-Oct-14
28.38,16-Oct-14
28.35,17-Oct-14
28.35,20-Oct-14
28.32,21-Oct-14
28.37,22-Oct-14
28.355,23-Oct-14
28.505,24-Oct-14
28.555,27-Oct-14
28.73,28-Oct-14
28.555,29-Oct-14
28.765,30-Oct-14
28.68,31-Oct-14
28.395,3-Nov-14
28.56,4-Nov-14
28.145,5-Nov-14
28.1,6-Nov-14
28.295,7-Nov-14
28.295,10-Nov-14
28.54,11-Nov-14
28.645,12-Nov-14
28.595,13-Nov-14
28.735,14-Nov-14
28.555,17-Nov-14
28.57,18-Nov-14
28.29,19-Nov-14
28.265,20-Nov-14
28.4,21-Nov-14
28.3,24-Nov-14
27.975,25-Nov-14
27.99,26-Nov-14
28.005,27-Nov-14
27.965,28-Nov-14
27.845,1-Dec-14
27.765,2-Dec-14
27.63,3-Dec-14
27.58,4-Dec-14
27.49,5-Dec-14
27.37,8-Dec-14
27.245,9-Dec-14
27.255,10-Dec-14
27.15,11-Dec-14
27.065,12-Dec-14
27.07,15-Dec-14
27.1,16-Dec-14
26.75,17-Dec-14
26.83,18-Dec-14
26.765,19-Dec-14
26.77,22-Dec-14
26.67,23-Dec-14
26.67,24-Dec-14
26.625,25-Dec-14
26.725,26-Dec-14
26.795,29-Dec-14
26.885,30-Dec-14
26.885,31-Dec-14
26.96,1-Jan-15
26.67,2-Jan-15
26.64,5-Jan-15
26.57,6-Jan-15
26.555,7-Jan-15
26.7,8-Jan-15
26.94,9-Jan-15
26.82,12-Jan-15
26.79,13-Jan-15
26.7,14-Jan-15
26.895,15-Jan-15
26.805,16-Jan-15
26.76,19-Jan-15
26.715,20-Jan-15
26.345,21-Jan-15
26.165,22-Jan-15
25.765,23-Jan-15
25.815,26-Jan-15
25.795,27-Jan-15
25.695,28-Jan-15
25.435,29-Jan-15
25.425,30-Jan-15
25.42,2-Feb-15
25.405,3-Feb-15
25.31,4-Feb-15
25.42,5-Feb-15
25.455,6-Feb-15
25.44,9-Feb-15
25.365,10-Feb-15
25.205,11-Feb-15
25.225,12-Feb-15
25.325,13-Feb-15
25.335,16-Feb-15
25.475,17-Feb-15
25.44,18-Feb-15
25.375,19-Feb-15
25.515,20-Feb-15
25.395,23-Feb-15
25.47,24-Feb-15
25.645,25-Feb-15
25.265,26-Feb-15
25.275,27-Feb-15
25.125,2-Mar-15
25.29,3-Mar-15
25.32,4-Mar-15
25.24,5-Mar-15
25.14,6-Mar-15
25.1,9-Mar-15
24.945,10-Mar-15
24.95,11-Mar-15
25.315,12-Mar-15
25.135,13-Mar-15
25.16,16-Mar-15
25.08,17-Mar-15
25.405,18-Mar-15
25.045,19-Mar-15
25.325,20-Mar-15
25.65,23-Mar-15
25.59,24-Mar-15
25.52,25-Mar-15
25.485,26-Mar-15
25.245,27-Mar-15
24.95,30-Mar-15
24.75,31-Mar-15
24.685,1-Apr-15
24.645,2-Apr-15
24.735,3-Apr-15
24.625,6-Apr-15
24.855,7-Apr-15
25.025,8-Apr-15
25.05,9-Apr-15
25.01,10-Apr-15
24.73,13-Apr-15
24.77,14-Apr-15
24.91,15-Apr-15
25.275,16-Apr-15
25.155,17-Apr-15
25.025,20-Apr-15
24.965,21-Apr-15
25.11,22-Apr-15
25.24,23-Apr-15
25.455,24-Apr-15
25.615,27-Apr-15
26.185,28-Apr-15
26.3,29-Apr-15
26.105,30-Apr-15
26.09,1-May-15
26.13,4-May-15
26.485,5-May-15
26.495,6-May-15
26.505,7-May-15
26.62,8-May-15
26.61,11-May-15
26.91,12-May-15
27.185,13-May-15
27.045,14-May-15
26.895,15-May-15
26.685,18-May-15
26.53,19-May-15
26.445,20-May-15
26.375,21-May-15
26.215,22-May-15
26.285,25-May-15
26.095,26-May-15
26.1,27-May-15
25.83,28-May-15
25.75,29-May-15
25.615,1-Jun-15
26.195,2-Jun-15
26.195,3-Jun-15
25.935,4-Jun-15
25.875,5-Jun-15
26,8-Jun-15
25.925,9-Jun-15
26.075,10-Jun-15
26.145,11-Jun-15
26.005,12-Jun-15
26.155,15-Jun-15
26.115,16-Jun-15
26.045,17-Jun-15
26.24,18-Jun-15
26.145,19-Jun-15
26.055,22-Jun-15
26.125,23-Jun-15
26.025,24-Jun-15
26.12,25-Jun-15
25.875,26-Jun-15
25.915,29-Jun-15
26.055,30-Jun-15
25.85,1-Jul-15
25.79,2-Jul-15
25.365,3-Jul-15
25.38,6-Jul-15
25.34,7-Jul-15
25.22,8-Jul-15
25.275,9-Jul-15
25.26,10-Jul-15
25.205,13-Jul-15
25.365,14-Jul-15
25.225,15-Jul-15
25.325,16-Jul-15
25.225,17-Jul-15
25.41,20-Jul-15
25.535,21-Jul-15
25.605,22-Jul-15
25.6,23-Jul-15
25.425,24-Jul-15
25.355,27-Jul-15
25.56,28-Jul-15
25.51,29-Jul-15
25.635,30-Jul-15
25.57,31-Jul-15
25.56,3-Aug-15
25.9,4-Aug-15
25.87,5-Aug-15
25.79,6-Aug-15
26.06,7-Aug-15
26.015,10-Aug-15
25.825,11-Aug-15
26.03,12-Aug-15
25.875,13-Aug-15
25.985,14-Aug-15
26.185,17-Aug-15
26.085,18-Aug-15
26.11,19-Aug-15
26.115,20-Aug-15
26.135,21-Aug-15
25.525,24-Aug-15
25.335,25-Aug-15
25.375,26-Aug-15
25.545,27-Aug-15
25.715,28-Aug-15
25.49,31-Aug-15
25.085,1-Sep-15
25.17,2-Sep-15
25.145,3-Sep-15
24.845,4-Sep-15
25.005,7-Sep-15
25.27,8-Sep-15
25.405,9-Sep-15
25.49,10-Sep-15
25.55,11-Sep-15
25.715,14-Sep-15
25.66,15-Sep-15
25.81,16-Sep-15
25.655,17-Sep-15
25.625,18-Sep-15
25.55,21-Sep-15
25.575,22-Sep-15
25.375,23-Sep-15
25.465,24-Sep-15
25.405,25-Sep-15
25.415,28-Sep-15
25.44,29-Sep-15
25.53,30-Sep-15
25.655,1-Oct-15
25.665,2-Oct-15
25.685,5-Oct-15
25.965,6-Oct-15
25.87,7-Oct-15
25.975,8-Oct-15
26.07,9-Oct-15
26.025,12-Oct-15
25.825,13-Oct-15
25.79,14-Oct-15
25.785,15-Oct-15
25.605,16-Oct-15
25.69,19-Oct-15
25.715,20-Oct-15
25.72,21-Oct-15
25.64,22-Oct-15
25.65,23-Oct-15
25.72,26-Oct-15
25.545,27-Oct-15
25.375,28-Oct-15
25.225,29-Oct-15
25.415,30-Oct-15
25.42,2-Nov-15
25.56,3-Nov-15
25.395,4-Nov-15
25.405,5-Nov-15
25.255,6-Nov-15
25.305,9-Nov-15
25.235,10-Nov-15
25.3,11-Nov-15
25.565,12-Nov-15
25.605,13-Nov-15
25.525,16-Nov-15
25.595,17-Nov-15
25.58,18-Nov-15
25.725,19-Nov-15
25.865,20-Nov-15
25.8,23-Nov-15
25.93,24-Nov-15
25.875,25-Nov-15
25.815,26-Nov-15
25.81,27-Nov-15
25.875,30-Nov-15
26.185,1-Dec-15
26.215,2-Dec-15
26.32,3-Dec-15
26.235,4-Dec-15
26.07,7-Dec-15
25.955,8-Dec-15
26.015,9-Dec-15
26.265,10-Dec-15
25.985,11-Dec-15
26.17,14-Dec-15
25.865,15-Dec-15
25.995,16-Dec-15
25.79,17-Dec-15
25.905,18-Dec-15
25.97,21-Dec-15
26.11,22-Dec-15
26.085,23-Dec-15
26.255,24-Dec-15
26.12,25-Dec-15
26.16,28-Dec-15
26.325,29-Dec-15
26.3,30-Dec-15
26.23,31-Dec-15
26.305,1-Jan-16
25.985,4-Jan-16
25.865,5-Jan-16
25.64,6-Jan-16
25.43,7-Jan-16
25.295,8-Jan-16
25.36,11-Jan-16
25.37,12-Jan-16
25.235,13-Jan-16
25.39,14-Jan-16
24.975,15-Jan-16
24.925,18-Jan-16
25.08,19-Jan-16
25.055,20-Jan-16
25.345,21-Jan-16
25.205,22-Jan-16
24.975,25-Jan-16
25.1,26-Jan-16
25.17,27-Jan-16
25.39,28-Jan-16
25.305,29-Jan-16
25.31,1-Feb-16
25.235,2-Feb-16
25.615,3-Feb-16
25.655,4-Feb-16
25.125,5-Feb-16
25.17,8-Feb-16
25.025,9-Feb-16
25.05,10-Feb-16
25.05,11-Feb-16
25.285,12-Feb-16
25.44,15-Feb-16
25.355,16-Feb-16
25.585,17-Feb-16
25.47,18-Feb-16
25.545,19-Feb-16
25.835,22-Feb-16
25.73,23-Feb-16
25.67,24-Feb-16
25.805,25-Feb-16
25.47,26-Feb-16
25.45,29-Feb-16
25.53,1-Mar-16
25.915,2-Mar-16
26.05,3-Mar-16
26.31,4-Mar-16
26.45,7-Mar-16
26.3,8-Mar-16
26.415,9-Mar-16
26.25,10-Mar-16
26.505,11-Mar-16
26.385,14-Mar-16
26.2,15-Mar-16
26.355,16-Mar-16
26.595,17-Mar-16
26.54,18-Mar-16
26.46,21-Mar-16
26.63,22-Mar-16
26.51,23-Mar-16
26.605,24-Mar-16
26.495,25-Mar-16
26.655,28-Mar-16
26.95,29-Mar-16
27.02,30-Mar-16
26.89,31-Mar-16
26.97,1-Apr-16
26.81,4-Apr-16
26.63,5-Apr-16
26.77,6-Apr-16
26.415,7-Apr-16
26.525,8-Apr-16
26.605,11-Apr-16
26.895,12-Apr-16
26.83,13-Apr-16
27.005,14-Apr-16
27.065,15-Apr-16
27.095,18-Apr-16
27.21,19-Apr-16
27.185,20-Apr-16
27.145,21-Apr-16
27.035,22-Apr-16
27.065,25-Apr-16
27.23,26-Apr-16
26.655,27-Apr-16
26.69,28-Apr-16
26.535,29-Apr-16
26.715,2-May-16
26.17,3-May-16
26.22,4-May-16
26.265,5-May-16
25.895,6-May-16
25.785,9-May-16
25.945,10-May-16
26.02,11-May-16
25.89,12-May-16
25.775,13-May-16
25.815,16-May-16
26.01,17-May-16
25.795,18-May-16
25.805,19-May-16
25.76,20-May-16
25.78,23-May-16
25.67,24-May-16
25.68,25-May-16
25.74,26-May-16
25.655,27-May-16
25.69,30-May-16
25.87,31-May-16
25.9,1-Jun-16
25.75,2-Jun-16
26.06,3-Jun-16
25.98,6-Jun-16
26.275,7-Jun-16
26.235,8-Jun-16
26.14,9-Jun-16
25.99,10-Jun-16
25.995,13-Jun-16
25.985,14-Jun-16
26.105,15-Jun-16
26,16-Jun-16
26.085,17-Jun-16
26.27,20-Jun-16
26.24,21-Jun-16
26.38,22-Jun-16
26.72,23-Jun-16
26.36,24-Jun-16
25.915,27-Jun-16
26.03,28-Jun-16
26.17,29-Jun-16
26.165,30-Jun-16
26.325,1-Jul-16
26.425,4-Jul-16
26.245,5-Jul-16
26.485,6-Jul-16
26.365,7-Jul-16
26.625,8-Jul-16
26.485,11-Jul-16
26.845,12-Jul-16
26.775,13-Jul-16
26.73,14-Jul-16
26.5,15-Jul-16
26.53,18-Jul-16
26.28,19-Jul-16
26.195,20-Jul-16
26.215,21-Jul-16
26.115,22-Jul-16
26.16,25-Jul-16
26.255,26-Jul-16
26.17,27-Jul-16
26.145,28-Jul-16
26.415,29-Jul-16
26.205,1-Aug-16
26.45,2-Aug-16
26.58,3-Aug-16
26.63,4-Aug-16
26.73,5-Aug-16
26.76,8-Aug-16
26.775,9-Aug-16
26.78,10-Aug-16
26.73,11-Aug-16
26.595,12-Aug-16
26.55,15-Aug-16
26.64,16-Aug-16
26.525,17-Aug-16
26.555,18-Aug-16
26.42,19-Aug-16
26.41,22-Aug-16
26.365,23-Aug-16
26.36,24-Aug-16
26.325,25-Aug-16
26.22,26-Aug-16
26.175,29-Aug-16
25.995,30-Aug-16
26.025,31-Aug-16
26.13,1-Sep-16
26.225,2-Sep-16
26.34,5-Sep-16
26.605,6-Sep-16
26.58,7-Sep-16
26.58,8-Sep-16
26.2265,9-Sep-16
