Date,US_THB,US_AUD,US_JPY
2-Jan-06, , , 
3-Jan-06,40.76,0.7379,116.34
4-Jan-06,40.43,0.7465,116.31
5-Jan-06,40.26,0.7482,115.96
6-Jan-06,39.83,0.7528,114.45
9-Jan-06,39.73,0.7517,114.66
10-Jan-06,39.79,0.749,114.64
11-Jan-06,39.66,0.7558,113.96
12-Jan-06,39.42,0.7512,114.31
13-Jan-06,39.49,0.7535,114.43
16-Jan-06, , , 
17-Jan-06,39.75,0.7517,115.83
18-Jan-06,39.42,0.7488,115.35
19-Jan-06,39.24,0.7469,115.07
20-Jan-06,39.15,0.747,115.42
23-Jan-06,39.14,0.7523,114.67
24-Jan-06,39.31,0.7516,114.54
25-Jan-06,39.07,0.7535,115.73
26-Jan-06,38.93,0.7532,116.27
27-Jan-06,39,0.7518,117.16
30-Jan-06,39.1,0.7497,117.55
31-Jan-06,38.89,0.7572,116.88
1-Feb-06,39.26,0.7542,117.85
2-Feb-06,39.36,0.7548,118.26
3-Feb-06,39.41,0.7491,118.95
6-Feb-06,39.41,0.7426,118.94
7-Feb-06,39.55,0.7436,118.01
8-Feb-06,39.7,0.7393,118.69
9-Feb-06,39.57,0.7396,118.66
10-Feb-06,39.15,0.7379,117.64
13-Feb-06,39.22,0.7396,117.63
14-Feb-06,39.32,0.7389,117.43
15-Feb-06,39.36,0.7403,117.93
16-Feb-06,39.28,0.738,117.91
17-Feb-06,39.31,0.7385,118.43
20-Feb-06, , , 
21-Feb-06,39.3,0.7394,118.85
22-Feb-06,39.52,0.7363,118.51
23-Feb-06,39.21,0.7397,117
24-Feb-06,39.36,0.7399,116.87
27-Feb-06,39.14,0.7387,115.97
28-Feb-06,39.09,0.743,115.82
1-Mar-06,38.85,0.7429,116.18
2-Mar-06,38.62,0.7458,116.07
3-Mar-06,38.86,0.744,116.46
6-Mar-06,38.76,0.7409,117.46
7-Mar-06,39.01,0.7336,117.76
8-Mar-06,39.14,0.7319,117.9
9-Mar-06,39.12,0.7354,117.96
10-Mar-06,39.1,0.731,119.07
13-Mar-06,39.14,0.7326,119.01
14-Mar-06,39.13,0.7362,117.36
15-Mar-06,39.14,0.738,117.3
16-Mar-06,39.06,0.735,117.13
17-Mar-06,38.94,0.7291,115.89
20-Mar-06,38.7,0.7223,116.25
21-Mar-06,38.84,0.716,117.23
22-Mar-06,38.92,0.7204,116.72
23-Mar-06,39.06,0.7145,117.6
24-Mar-06,39.06,0.7107,117.5
27-Mar-06,38.84,0.7056,116.62
28-Mar-06,38.91,0.7086,117.23
29-Mar-06,38.91,0.7058,117.8
30-Mar-06,38.83,0.714,117.41
31-Mar-06,38.84,0.7165,117.48
3-Apr-06,38.81,0.7177,117.82
4-Apr-06,38.49,0.7203,117.44
5-Apr-06,38.22,0.7263,117.59
6-Apr-06,38.23,0.7315,117.72
7-Apr-06,38.12,0.7279,118.31
10-Apr-06,37.98,0.7282,118.66
11-Apr-06,38,0.7327,118.61
12-Apr-06,38.06,0.7315,118.47
13-Apr-06,38.06,0.7285,118.42
14-Apr-06,38.05,0.7289,118.65
17-Apr-06,37.95,0.7375,117.68
18-Apr-06,37.85,0.7385,117.75
19-Apr-06,37.78,0.7465,117.58
20-Apr-06,37.8,0.7376,117.49
21-Apr-06,37.81,0.7444,116.91
24-Apr-06,37.53,0.7444,114.93
25-Apr-06,37.6,0.7456,114.83
26-Apr-06,37.69,0.7535,114.72
27-Apr-06,37.5,0.7564,114.02
28-Apr-06,37.51,0.7593,113.79
1-May-06,37.4,0.7607,113.06
2-May-06,37.55,0.7631,113.26
3-May-06,37.69,0.7711,113.44
4-May-06,37.71,0.7726,113.46
5-May-06,37.62,0.7707,112.45
8-May-06,37.51,0.7697,111.55
9-May-06,37.58,0.7724,111.31
10-May-06,37.59,0.7763,110.55
11-May-06,37.63,0.7781,110.26
12-May-06,37.9,0.7728,110.49
15-May-06,38.24,0.7627,110.21
16-May-06,38.02,0.7656,110.07
17-May-06,38.07,0.7594,110.6
18-May-06,38.1,0.7652,110.89
19-May-06,38.18,0.7569,111.76
22-May-06,38.44,0.7509,111.62
23-May-06,38.2,0.7546,111.35
24-May-06,38.54,0.7526,112.8
25-May-06,38.3,0.7585,111.92
26-May-06,38.33,0.7577,112.58
29-May-06, , , 
30-May-06,38.16,0.7619,112.18
31-May-06,38.07,0.7519,112.26
1-Jun-06,38.1,0.748,112.43
2-Jun-06,38.07,0.751,111.66
5-Jun-06,38.13,0.7527,111.7
6-Jun-06,38.24,0.7422,113.26
7-Jun-06,38.26,0.7422,113.35
8-Jun-06,38.43,0.743,114.22
9-Jun-06,38.37,0.7499,113.89
12-Jun-06,38.42,0.7466,114.17
13-Jun-06,38.48,0.7408,115.06
14-Jun-06,38.37,0.7396,114.85
15-Jun-06,38.37,0.7377,115.06
16-Jun-06,38.4,0.7389,115.12
19-Jun-06,38.49,0.7375,115.26
20-Jun-06,38.37,0.7372,115.02
21-Jun-06,38.36,0.7371,114.76
22-Jun-06,38.43,0.7349,115.94
23-Jun-06,38.44,0.7315,116.26
26-Jun-06,38.47,0.7301,116.38
27-Jun-06,38.44,0.734,116.26
28-Jun-06,38.45,0.7284,116.42
29-Jun-06,38.44,0.7316,116.17
30-Jun-06,38.14,0.7423,114.51
3-Jul-06,38,0.7436,114.92
4-Jul-06, , , 
5-Jul-06,38.19,0.7407,115.65
6-Jul-06,38.15,0.7459,115.18
7-Jul-06,37.81,0.7514,113.98
10-Jul-06,37.81,0.7484,113.97
11-Jul-06,37.81,0.7526,114.15
12-Jul-06,37.85,0.7536,115.41
13-Jul-06,37.87,0.7539,115.45
14-Jul-06,38.02,0.7541,116.33
17-Jul-06,38.17,0.7493,117.08
18-Jul-06,38.16,0.7464,117.44
19-Jul-06,38.11,0.7485,117.08
20-Jul-06,37.97,0.7516,116.83
21-Jul-06,37.97,0.7529,116.34
24-Jul-06,37.99,0.7536,116.65
25-Jul-06,38.01,0.7529,117.3
26-Jul-06,37.96,0.7594,116.85
27-Jul-06,37.78,0.7641,115.55
28-Jul-06,37.92,0.7663,114.74
31-Jul-06,37.83,0.7664,114.44
1-Aug-06,37.9,0.7632,114.96
2-Aug-06,37.85,0.7639,114.54
3-Aug-06,37.88,0.76,115.27
4-Aug-06,37.74,0.7658,114.21
7-Aug-06,37.71,0.7637,114.85
8-Aug-06,37.56,0.7609,115.01
9-Aug-06,37.53,0.7667,115.14
10-Aug-06,37.5,0.7671,115.59
11-Aug-06,37.32,0.7673,116.18
14-Aug-06,37.35,0.7599,116.53
15-Aug-06,37.39,0.7649,115.96
16-Aug-06,37.37,0.7699,115.71
17-Aug-06,37.54,0.7639,115.44
18-Aug-06,37.53,0.7579,115.79
21-Aug-06,37.46,0.764,115.86
22-Aug-06,37.61,0.7625,116.61
23-Aug-06,37.59,0.7628,116.43
24-Aug-06,37.65,0.7632,116.38
25-Aug-06,37.67,0.7568,117.31
28-Aug-06,37.65,0.7586,117.15
29-Aug-06,37.56,0.7607,116.92
30-Aug-06,37.58,0.7645,117.07
31-Aug-06,37.56,0.763,117.35
1-Sep-06,37.48,0.7663,117.21
4-Sep-06, , , 
5-Sep-06,37.35,0.7704,116.04
6-Sep-06,37.35,0.7659,116.73
7-Sep-06,37.35,0.76,116.3
8-Sep-06,37.44,0.754,116.89
11-Sep-06,37.49,0.751,117.57
12-Sep-06,37.42,0.7528,117.82
13-Sep-06,37.35,0.7537,117.47
14-Sep-06,37.3,0.7548,117.47
15-Sep-06,37.24,0.7517,117.72
18-Sep-06,37.27,0.7537,118.02
19-Sep-06,37.42,0.7539,117.6
20-Sep-06,37.78,0.7544,117.29
21-Sep-06,37.42,0.756,116.76
22-Sep-06,37.33,0.7513,116.45
25-Sep-06,37.46,0.7517,116.43
26-Sep-06,37.49,0.7513,117.16
27-Sep-06,37.53,0.7495,117.53
28-Sep-06,37.51,0.7487,117.84
29-Sep-06,37.56,0.7461,117.99
2-Oct-06,37.59,0.7484,117.66
3-Oct-06,37.55,0.7442,117.84
4-Oct-06,37.58,0.7437,118.02
5-Oct-06,37.57,0.7449,117.69
6-Oct-06,37.51,0.7434,118.89
9-Oct-06, , , 
10-Oct-06,37.46,0.7442,119.68
11-Oct-06,37.42,0.7444,119.49
12-Oct-06,37.48,0.7507,119.53
13-Oct-06,37.44,0.7506,119.81
16-Oct-06,37.4,0.7537,119.25
17-Oct-06,37.33,0.754,118.63
18-Oct-06,37.37,0.7538,119.09
19-Oct-06,37.28,0.7586,118.35
20-Oct-06,37.28,0.758,118.73
23-Oct-06,37.26,0.7576,119.32
24-Oct-06,37.2,0.7584,119.25
25-Oct-06,37.07,0.7603,119.13
26-Oct-06,36.98,0.7621,118.62
27-Oct-06,36.7,0.7685,117.61
30-Oct-06,36.73,0.7692,117.38
31-Oct-06,36.71,0.7743,116.82
1-Nov-06,36.66,0.7752,117.01
2-Nov-06,36.67,0.7741,117.12
3-Nov-06,36.71,0.7699,118.06
6-Nov-06,36.7,0.7707,118.4
7-Nov-06,36.64,0.776,117.44
8-Nov-06,36.68,0.7707,117.74
9-Nov-06,36.64,0.7688,117.92
10-Nov-06,36.58,0.7673,117.47
13-Nov-06,36.52,0.7629,118.14
14-Nov-06,36.4,0.7656,117.72
15-Nov-06,36.51,0.7643,118.06
16-Nov-06,36.51,0.7683,118.12
17-Nov-06,36.57,0.7686,117.73
20-Nov-06,36.6,0.7682,118.16
21-Nov-06,36.57,0.7693,118
22-Nov-06,36.55,0.7758,116.61
23-Nov-06, , , 
24-Nov-06,36.5,0.7782,115.93
27-Nov-06,36.41,0.7785,116.12
28-Nov-06,36.25,0.7825,116.14
29-Nov-06,35.99,0.7836,116.29
30-Nov-06,35.86,0.7896,115.55
1-Dec-06,35.8,0.7914,115.33
4-Dec-06,35.75,0.7894,115.37
5-Dec-06,35.54,0.7863,114.98
6-Dec-06,35.65,0.7876,115.07
7-Dec-06,35.55,0.7909,115.13
8-Dec-06,35.55,0.7861,116.23
11-Dec-06,35.56,0.7841,117.02
12-Dec-06,35.27,0.7846,117.15
13-Dec-06,35.23,0.7867,117.43
14-Dec-06,35.19,0.784,117.61
15-Dec-06,35.19,0.7826,117.84
18-Dec-06,35.81,0.7795,118.14
19-Dec-06,35.92,0.7843,117.93
20-Dec-06,36.1,0.7859,118.39
21-Dec-06,36.5,0.7852,118.26
22-Dec-06,36.31,0.783,118.9
25-Dec-06, , , 
26-Dec-06,35.87,0.7829,118.93
27-Dec-06,35.77,0.7841,118.76
28-Dec-06,35.22,0.7881,118.95
29-Dec-06,36.1,0.7884,119.02
1-Jan-07, , , 
2-Jan-07,35.5,0.796,118.83
3-Jan-07,35.45,0.7914,119.58
4-Jan-07,35.7,0.7859,119.28
5-Jan-07,35.7,0.7797,118.77
8-Jan-07,35.5,0.7813,118.49
9-Jan-07,35.89,0.7795,119.45
10-Jan-07,35.96,0.7766,119.52
11-Jan-07,35.86,0.7823,120.49
12-Jan-07,35.88,0.7826,120.36
15-Jan-07, , , 
16-Jan-07,35.79,0.7826,120.64
17-Jan-07,35.65,0.7865,120.54
18-Jan-07,35.2,0.7886,121.32
19-Jan-07,35.17,0.7892,121.22
22-Jan-07,35.03,0.7893,121.56
23-Jan-07,35,0.7921,121.54
24-Jan-07,35.19,0.7818,120.77
25-Jan-07,34.07,0.7774,120.97
26-Jan-07,33.4,0.7724,121.53
29-Jan-07,34,0.7726,121.81
30-Jan-07,34.25,0.7724,121.7
31-Jan-07,34.78,0.774,121.02
1-Feb-07,35.13,0.7746,120.67
2-Feb-07,34.92,0.7747,121.02
5-Feb-07,34.48,0.7769,120.34
6-Feb-07,34.08,0.7769,120.35
7-Feb-07,34.18,0.7786,120.65
8-Feb-07,34.22,0.7812,121.19
9-Feb-07,33.6,0.7765,121.59
12-Feb-07,33.6,0.7726,121.77
13-Feb-07,33.4,0.7774,121.24
14-Feb-07,33.36,0.7833,120.8
15-Feb-07,33.33,0.7847,119.49
16-Feb-07,33.21,0.7868,119.23
19-Feb-07, , , 
20-Feb-07,33.63,0.7852,120.1
21-Feb-07,33.7,0.7899,120.99
22-Feb-07,33.82,0.7895,121.3
23-Feb-07,33.52,0.792,121.1
26-Feb-07,33.77,0.7931,120.76
27-Feb-07,34.13,0.7933,118.67
28-Feb-07,33.8,0.7892,118.33
1-Mar-07,33.68,0.7863,117.53
2-Mar-07,33.56,0.7834,116.82
5-Mar-07,33.13,0.7728,116.01
6-Mar-07,32.65,0.7737,116.5
7-Mar-07,32.7,0.7765,116.41
8-Mar-07,33.05,0.7758,117.35
9-Mar-07,32.71,0.7806,118.15
12-Mar-07,32.82,0.7839,117.51
13-Mar-07,32.91,0.7871,116.96
14-Mar-07,32.85,0.786,116.33
15-Mar-07,32.9,0.7884,117.26
16-Mar-07,32.8,0.7948,116.77
19-Mar-07,32.95,0.7996,117.58
20-Mar-07,32.75,0.8016,117.32
21-Mar-07,31.9,0.8015,117.83
22-Mar-07,31.8,0.8083,117.79
23-Mar-07,32.1,0.8062,117.82
26-Mar-07,32.45,0.8097,117.84
27-Mar-07,31.92,0.8089,117.8
28-Mar-07,31.95,0.8064,116.83
29-Mar-07,32.3,0.8078,117.75
30-Mar-07,32.25,0.8104,117.56
2-Apr-07,32.45,0.8166,117.69
3-Apr-07,32.45,0.8131,118.83
4-Apr-07,32.17,0.818,118.72
5-Apr-07,32.2,0.8193,118.66
6-Apr-07,32.43,0.8177,119.33
9-Apr-07,32.4,0.8167,119.28
10-Apr-07,32.6,0.825,119.07
11-Apr-07,32.19,0.8259,119.36
12-Apr-07,32.33,0.8276,118.99
13-Apr-07,32.4,0.8326,119.27
16-Apr-07,32.55,0.8327,119.84
17-Apr-07,32.4,0.8367,118.96
18-Apr-07,32.3,0.8353,118.27
19-Apr-07,32.49,0.8356,118.36
20-Apr-07,32.35,0.8363,118.81
23-Apr-07,32.4,0.8339,118.47
24-Apr-07,32.58,0.8284,118.52
25-Apr-07,32.2,0.8333,118.62
26-Apr-07,32.35,0.8254,119.5
27-Apr-07,32.8,0.8311,119.59
30-Apr-07,32.8,0.8326,119.44
1-May-07,32.95,0.8287,119.77
2-May-07,32.65,0.8247,120.05
3-May-07,32.82,0.8241,120.33
4-May-07,32.55,0.8207,120.16
7-May-07,32.51,0.8254,119.96
8-May-07,32.65,0.8277,119.89
9-May-07,32.65,0.8285,119.8
10-May-07,32.53,0.832,120.37
11-May-07,32.75,0.8326,120.19
14-May-07,33.35,0.8333,120.37
15-May-07,33.08,0.8348,120.22
16-May-07,33.4,0.8248,120.74
17-May-07,33.16,0.8219,121.3
18-May-07,32.87,0.825,121.09
21-May-07,32.9,0.82,121.57
22-May-07,32.8,0.8213,121.47
23-May-07,32.68,0.8246,121.52
24-May-07,32.73,0.8207,121.46
25-May-07,32.55,0.819,121.72
28-May-07, , , 
29-May-07,32.78,0.8202,121.79
30-May-07,32.6,0.822,121.48
31-May-07,33.03,0.8272,121.76
1-Jun-07,32.9,0.8313,122.1
4-Jun-07,32.81,0.8341,121.72
5-Jun-07,32.75,0.8371,121.49
6-Jun-07,32.71,0.8408,121.08
7-Jun-07,32.59,0.8447,121.34
8-Jun-07,32.6,0.8427,121.62
11-Jun-07,32.38,0.8426,121.78
12-Jun-07,32.4,0.8439,121.76
13-Jun-07,32.45,0.8402,122.37
14-Jun-07,32.4,0.8349,122.97
15-Jun-07,32.5,0.84,123.55
18-Jun-07,32.43,0.8421,123.67
19-Jun-07,32.15,0.846,123.39
20-Jun-07,32.21,0.8458,123.6
21-Jun-07,32.2,0.8468,123.68
22-Jun-07,32.18,0.8482,124.09
25-Jun-07,32.15,0.848,123.84
26-Jun-07,31.98,0.8474,123.49
27-Jun-07,31.55,0.8375,122.52
28-Jun-07,31.65,0.8461,123.01
29-Jun-07,31.68,0.8491,123.39
2-Jul-07,31.65,0.8596,122.32
3-Jul-07,31.7,0.8543,122.4
4-Jul-07, , , 
5-Jul-07,31.06,0.8561,122.82
6-Jul-07,31.28,0.8569,123.27
9-Jul-07,31.6,0.8605,123.34
10-Jul-07,31.26,0.8622,122.19
11-Jul-07,30.52,0.8614,122.13
12-Jul-07,30.9,0.8638,122.5
13-Jul-07,30.42,0.8688,121.99
16-Jul-07,29.85,0.8722,121.9
17-Jul-07,30.05,0.8732,122.36
18-Jul-07,30.19,0.8778,121.83
19-Jul-07,30.06,0.8796,122.06
20-Jul-07,29.7,0.8796,121.15
23-Jul-07,29.28,0.8835,121.31
24-Jul-07,29.5,0.8841,120.57
25-Jul-07,30.08,0.8828,120.33
26-Jul-07,29.5,0.878,119.14
27-Jul-07,29.75,0.856,118.56
30-Jul-07,29.8,0.8509,118.41
31-Jul-07,29.97,0.8594,119.13
1-Aug-07,29.82,0.8537,118.71
2-Aug-07,29.8,0.8595,119.35
3-Aug-07,29.93,0.8573,118.43
6-Aug-07,30.03,0.8572,118.04
7-Aug-07,30.23,0.8543,118.48
8-Aug-07,30.77,0.8618,119.76
9-Aug-07,31.1,0.8542,118.69
10-Aug-07,31.48,0.8455,118
13-Aug-07,31.28,0.843,118.47
14-Aug-07,31.74,0.8384,118.21
15-Aug-07,32.4,0.8243,117.19
16-Aug-07,33,0.786,114.03
17-Aug-07,33.17,0.7887,113.81
20-Aug-07,32.75,0.8005,114.49
21-Aug-07,32.85,0.8,114.42
22-Aug-07,32.43,0.8043,114.95
23-Aug-07,32.48,0.8134,115.81
24-Aug-07,32.95,0.8242,116.12
27-Aug-07,32.85,0.8288,116.05
28-Aug-07,32.6,0.8207,114.7
29-Aug-07,32.7,0.819,115.52
30-Aug-07,32.45,0.8183,115.81
31-Aug-07,32.5,0.8157,115.83
3-Sep-07,32.5,0.8157,115.83
4-Sep-07,32.5,0.8245,116.21
5-Sep-07,32.45,0.8245,115.15
6-Sep-07,32.5,0.8275,115.33
7-Sep-07,32.45,0.8259,113.57
10-Sep-07,32.46,0.8238,113.43
11-Sep-07,32.15,0.831,113.97
12-Sep-07,32.1,0.8401,114.24
13-Sep-07,32.05,0.8395,115.37
14-Sep-07,31.9,0.8415,115.31
17-Sep-07,32.15,0.8328,114.93
18-Sep-07,31.88,0.8363,115.75
19-Sep-07,32,0.8555,116.21
20-Sep-07,31.85,0.8641,114.18
21-Sep-07,31.7,0.865,115.6
24-Sep-07,31.75,0.8669,114.92
25-Sep-07,31.8,0.8691,114.48
26-Sep-07,31.5,0.8749,115.66
27-Sep-07,31.59,0.8776,115.76
28-Sep-07,31.85,0.8855,114.97
1-Oct-07,31.8,0.8931,115.91
2-Oct-07,31.65,0.8846,115.83
3-Oct-07,31.59,0.8882,116.74
4-Oct-07,31.65,0.8883,116.59
5-Oct-07,31.53,0.8998,116.83
8-Oct-07,31.53,0.8998,116.83
9-Oct-07,31.41,0.8975,116.98
10-Oct-07,31.4,0.8992,117.17
11-Oct-07,31.42,0.9043,117.71
12-Oct-07,31.45,0.9042,117.5
15-Oct-07,31.46,0.9012,117.37
16-Oct-07,31.4,0.886,116.61
17-Oct-07,31.45,0.8942,116.62
18-Oct-07,31.49,0.8947,115.64
19-Oct-07,31.48,0.8935,115.15
22-Oct-07,31.46,0.8785,114.07
23-Oct-07,31.49,0.8943,114.65
24-Oct-07,31.5,0.8997,113.94
25-Oct-07,31.5,0.9059,114.09
26-Oct-07,31.7,0.9163,114.01
29-Oct-07,31.71,0.9211,114.69
30-Oct-07,31.55,0.9185,114.72
31-Oct-07,31.45,0.9271,115.27
1-Nov-07,31.6,0.9186,114.87
2-Nov-07,31.73,0.918,114.74
5-Nov-07,31.61,0.9196,114.54
6-Nov-07,31.36,0.9253,114.51
7-Nov-07,31.6,0.9369,113.29
8-Nov-07,31.53,0.9266,112.66
9-Nov-07,31.5,0.9145,110.9
12-Nov-07, , , 
13-Nov-07,31.53,0.8893,110.31
14-Nov-07,31.4,0.9002,111.38
15-Nov-07,31.55,0.8921,110.78
16-Nov-07,31.53,0.8909,111.05
19-Nov-07,31.48,0.8835,110.05
20-Nov-07,31.5,0.8874,110.05
21-Nov-07,31.43,0.8698,108.54
22-Nov-07,31.43,0.8698,108.54
23-Nov-07,31.1,0.8744,108.17
26-Nov-07,31.1,0.8778,108.17
27-Nov-07,31.1,0.8744,108.64
28-Nov-07,30.8,0.8817,110.38
29-Nov-07,30.8,0.883,109.94
30-Nov-07,30.62,0.8848,111.02
3-Dec-07,30.62,0.8828,110.44
4-Dec-07,30.47,0.8726,109.68
5-Dec-07,30.3,0.8709,110.85
6-Dec-07,30.15,0.8731,111.05
7-Dec-07,30.28,0.8807,111.72
10-Dec-07,29.9,0.8829,111.6
11-Dec-07,30.25,0.8867,111.77
12-Dec-07,30.14,0.8857,112.36
13-Dec-07,30.1,0.8745,112.26
14-Dec-07,30.05,0.862,113.35
17-Dec-07,30.25,0.857,113.2
18-Dec-07,30.25,0.8557,113.17
19-Dec-07,30.48,0.8567,113.44
20-Dec-07,30.42,0.8577,112.97
21-Dec-07,30.1,0.8657,113.95
24-Dec-07,30.15,0.8705,114.45
25-Dec-07, , , 
26-Dec-07,30.05,0.8734,114.08
27-Dec-07,29.8,0.8773,114
28-Dec-07,29.9,0.874,112.93
31-Dec-07,29.5,0.8776,111.71
1-Jan-08, , , 
2-Jan-08,29.85,0.8812,109.7
3-Jan-08,29.83,0.8819,109.58
4-Jan-08,29.7,0.8762,108.38
7-Jan-08,29.75,0.8712,109.1
8-Jan-08,29.7,0.8812,109.29
9-Jan-08,29.55,0.8801,109.4
10-Jan-08,29.36,0.8891,109.38
11-Jan-08,29.45,0.8927,109.11
14-Jan-08,29.65,0.8981,108.18
15-Jan-08,29.8,0.8875,107.07
16-Jan-08,29.6,0.878,107.27
17-Jan-08,30.1,0.8827,107.01
18-Jan-08,30.8,0.8759,106.82
21-Jan-08, , , 
22-Jan-08,30.65,0.8684,106.76
23-Jan-08,31,0.8654,105.42
24-Jan-08,31.09,0.879,106.68
25-Jan-08,31.12,0.8817,107.31
28-Jan-08,31.38,0.8833,106.65
29-Jan-08,31.35,0.8895,107.08
30-Jan-08,31.45,0.8893,107.25
31-Jan-08,31.22,0.8968,106.74
1-Feb-08,31.05,0.9035,106.3
4-Feb-08,30.91,0.9091,106.73
5-Feb-08,31.11,0.8997,106.94
6-Feb-08,31.01,0.8983,106.75
7-Feb-08,31.43,0.8942,106.82
8-Feb-08,31.3,0.8945,107.34
11-Feb-08,31.83,0.9027,106.64
12-Feb-08,32.08,0.9058,107.42
13-Feb-08,32.03,0.8934,108.15
14-Feb-08,31.92,0.9034,107.97
15-Feb-08,31.56,0.9069,107.67
18-Feb-08, , , 
19-Feb-08,31.65,0.9203,107.5
20-Feb-08,31.53,0.9148,107.97
21-Feb-08,31.3,0.9206,107.6
22-Feb-08,31.18,0.9205,106.98
25-Feb-08,31.18,0.9232,107.88
26-Feb-08,30.1,0.9292,107.73
27-Feb-08,29.9,0.9417,106.38
28-Feb-08,29.53,0.9463,105.64
29-Feb-08,30.88,0.937,104.19
3-Mar-08,31.51,0.9409,103.57
4-Mar-08,31.45,0.9227,102.67
5-Mar-08,31.51,0.9319,103.99
6-Mar-08,31.56,0.9317,103.1
7-Mar-08,31.48,0.9283,102.69
10-Mar-08,31.5,0.9177,101.8
11-Mar-08,31.52,0.9249,102.87
12-Mar-08,31.55,0.9322,102.38
13-Mar-08,31.45,0.9411,100.58
14-Mar-08,31.35,0.9371,100.2
17-Mar-08,31.4,0.9184,96.88
18-Mar-08,31.1,0.9271,98.23
19-Mar-08,31.14,0.9214,99.34
20-Mar-08,31.25,0.8958,98.79
21-Mar-08,31.24,0.9016,99.4
24-Mar-08,31.45,0.9062,100.77
25-Mar-08,31.49,0.9136,100.07
26-Mar-08,31.37,0.9196,99.12
27-Mar-08,31.35,0.9202,99.87
28-Mar-08,31.38,0.9188,99.71
31-Mar-08,31.44,0.9132,99.85
1-Apr-08,31.38,0.9067,101.77
2-Apr-08,31.51,0.9134,102.77
3-Apr-08,31.6,0.9152,102.21
4-Apr-08,31.66,0.9214,101.75
7-Apr-08,31.63,0.9274,102.62
8-Apr-08,31.67,0.9278,102.55
9-Apr-08,31.74,0.9283,101.83
10-Apr-08,31.51,0.9324,101.71
11-Apr-08,31.56,0.929,101.09
14-Apr-08,31.53,0.9229,100.87
15-Apr-08,31.58,0.9245,101.33
16-Apr-08,31.44,0.9396,101.4
17-Apr-08,31.4,0.937,102.22
18-Apr-08,31.51,0.9294,104.56
21-Apr-08,31.45,0.9418,103.38
22-Apr-08,31.43,0.9458,102.7
23-Apr-08,31.46,0.9488,103.55
24-Apr-08,31.55,0.9395,104.2
25-Apr-08,31.7,0.933,104.17
28-Apr-08,31.67,0.9395,104.3
29-Apr-08,31.66,0.9347,103.4
30-Apr-08,31.64,0.9419,104.53
1-May-08,31.62,0.9338,104.04
2-May-08,31.67,0.9366,105.33
5-May-08,31.64,0.9454,105.12
6-May-08,31.67,0.9481,104.54
7-May-08,31.7,0.9426,105.28
8-May-08,31.67,0.943,103.87
9-May-08,31.93,0.9417,103.01
12-May-08,32.14,0.9467,103.83
13-May-08,32.25,0.942,104.41
14-May-08,32.45,0.9348,105.2
15-May-08,32.37,0.9415,104.61
16-May-08,32.26,0.954,103.86
19-May-08,32.21,0.9532,104.55
20-May-08,31.98,0.9599,103.66
21-May-08,31.84,0.9644,103.34
22-May-08,31.87,0.9552,104.03
23-May-08,32.03,0.9608,103.22
26-May-08, , , 
27-May-08,32.19,0.9588,103.98
28-May-08,32.28,0.9616,104.69
29-May-08,32.48,0.9545,105.52
30-May-08,32.3,0.9551,105.46
2-Jun-08,32.54,0.9548,104.41
3-Jun-08,32.61,0.9545,105.29
4-Jun-08,32.7,0.9605,104.99
5-Jun-08,32.89,0.9567,106
6-Jun-08,33.15,0.9603,105.33
9-Jun-08,33.23,0.9523,106.06
10-Jun-08,32.99,0.9448,107.19
11-Jun-08,33.08,0.9487,106.77
12-Jun-08,33.09,0.9342,107.94
13-Jun-08,33.13,0.939,107.92
16-Jun-08,33.24,0.9404,108.19
17-Jun-08,33.15,0.9428,108.03
18-Jun-08,33.26,0.9441,108.05
19-Jun-08,33.41,0.9499,107.95
20-Jun-08,33.3,0.954,107.42
23-Jun-08,33.43,0.9507,107.89
24-Jun-08,33.5,0.9573,107.76
25-Jun-08,33.57,0.954,108.29
26-Jun-08,33.53,0.9573,107.29
27-Jun-08,33.51,0.961,106.28
30-Jun-08,33.37,0.9562,106.17
1-Jul-08,33.4,0.9535,105.73
2-Jul-08,33.36,0.9634,105.87
3-Jul-08,33.34,0.9604,106.79
4-Jul-08, , , 
7-Jul-08,33.62,0.9531,107.55
8-Jul-08,33.66,0.9533,107.35
9-Jul-08,33.6,0.9585,107.12
10-Jul-08,33.66,0.9621,107.03
11-Jul-08,33.6,0.9674,106.14
14-Jul-08,33.65,0.9721,106.18
15-Jul-08,33.43,0.9797,104.78
16-Jul-08,33.45,0.9761,104.64
17-Jul-08,33.43,0.975,105.82
18-Jul-08,33.32,0.9728,106.75
21-Jul-08,33.33,0.9749,106.74
22-Jul-08,33.35,0.9715,107.11
23-Jul-08,33.41,0.9636,107.68
24-Jul-08,33.43,0.957,107.62
25-Jul-08,33.43,0.9562,107.89
28-Jul-08,33.46,0.9571,107.49
29-Jul-08,33.45,0.9508,108.19
30-Jul-08,33.49,0.9434,108.17
31-Jul-08,33.48,0.9415,108.1
1-Aug-08,33.53,0.9317,107.59
4-Aug-08,33.48,0.9299,108.23
5-Aug-08,33.58,0.9157,108.2
6-Aug-08,33.58,0.9078,109.39
7-Aug-08,33.55,0.9079,109.44
8-Aug-08,33.64,0.8915,110.09
11-Aug-08,33.69,0.8869,110.08
12-Aug-08,33.62,0.8757,109.78
13-Aug-08,33.63,0.8675,108.71
14-Aug-08,33.68,0.8709,109.75
15-Aug-08,33.8,0.8676,110.48
18-Aug-08,33.81,0.8712,110.07
19-Aug-08,34.07,0.871,109.68
20-Aug-08,34.13,0.8712,109.98
21-Aug-08,33.9,0.8785,108.35
22-Aug-08,33.92,0.8689,109.88
25-Aug-08,34.1,0.8676,109.11
26-Aug-08,34.23,0.8561,109.83
27-Aug-08,34.01,0.8553,109.72
28-Aug-08,34.06,0.8618,109.56
29-Aug-08,34.2,0.8563,108.69
1-Sep-08, , , 
2-Sep-08,34.35,0.836,108.85
3-Sep-08,34.42,0.8352,108.18
4-Sep-08,34.43,0.8298,107.76
5-Sep-08,34.56,0.8107,106.96
8-Sep-08,34.51,0.8151,107.91
9-Sep-08,34.47,0.8081,107.1
10-Sep-08,34.59,0.8036,107.86
11-Sep-08,34.74,0.7978,106.66
12-Sep-08,34.62,0.817,107.51
15-Sep-08,34.56,0.808,105.67
16-Sep-08,34.23,0.7939,105.11
17-Sep-08,34.28,0.7831,104.71
18-Sep-08,34.07,0.7989,104.85
19-Sep-08,34.08,0.8288,107.18
22-Sep-08,33.88,0.8441,106.35
23-Sep-08,33.75,0.8385,105.8
24-Sep-08,33.94,0.8366,106.03
25-Sep-08,33.9,0.836,106.48
26-Sep-08,33.85,0.8292,106.06
29-Sep-08,33.96,0.8125,105.1
30-Sep-08,33.81,0.7904,105.94
1-Oct-08,33.98,0.7937,106.06
2-Oct-08,34.07,0.777,105.3
3-Oct-08,34.13,0.775,105.76
6-Oct-08,34.41,0.7139,101.26
7-Oct-08,34.51,0.7216,102.3
8-Oct-08,34.32,0.669,99.73
9-Oct-08,34.26,0.7015,100.67
10-Oct-08,34.34,0.6531,99.44
13-Oct-08, , , 
14-Oct-08,34,0.7054,102.17
15-Oct-08,34.08,0.6833,101.47
16-Oct-08,34.21,0.6708,100.46
17-Oct-08,34.23,0.6907,101.4
20-Oct-08,34.29,0.6969,101.74
21-Oct-08,34.33,0.6813,100.43
22-Oct-08,34.54,0.6698,98.63
23-Oct-08,34.6,0.6657,97.6
24-Oct-08,34.6,0.6165,92.64
27-Oct-08,34.79,0.6073,93.28
28-Oct-08,34.87,0.6252,95.68
29-Oct-08,34.85,0.6683,97.48
30-Oct-08,34.8,0.6695,97.47
31-Oct-08,35.05,0.6574,98.28
3-Nov-08,34.92,0.6823,98.95
4-Nov-08,34.9,0.7005,100.48
5-Nov-08,34.98,0.6972,98.95
6-Nov-08,34.98,0.679,98.04
7-Nov-08,34.92,0.6726,98.15
10-Nov-08,34.83,0.6755,97.96
11-Nov-08, , , 
12-Nov-08,34.91,0.6449,95.54
13-Nov-08,34.98,0.6402,95.95
14-Nov-08,34.92,0.6627,96.66
17-Nov-08,34.93,0.6562,97.03
18-Nov-08,35,0.6575,97.38
19-Nov-08,34.95,0.6501,96.75
20-Nov-08,35.12,0.6191,94.98
21-Nov-08,35.2,0.6254,95.42
24-Nov-08,35.25,0.6501,96.69
25-Nov-08,35.16,0.6488,95.53
26-Nov-08,35.23,0.647,95.46
27-Nov-08, , , 
28-Nov-08,35.45,0.6546,95.46
1-Dec-08,35.71,0.6447,93.71
2-Dec-08,35.49,0.6443,93.64
3-Dec-08,35.52,0.6482,93.25
4-Dec-08,35.6,0.6527,92.78
5-Dec-08,35.72,0.6343,92.18
8-Dec-08,35.44,0.6644,92.77
9-Dec-08,35.4,0.66,92.44
10-Dec-08,35.37,0.6615,92.94
11-Dec-08,35.1,0.6779,91.96
12-Dec-08,34.98,0.658,91.26
15-Dec-08,34.83,0.6713,90.68
16-Dec-08,34.76,0.6775,89.98
17-Dec-08,34.53,0.6967,87.84
18-Dec-08,34.4,0.6985,89.81
19-Dec-08,34.43,0.6806,89.48
22-Dec-08,34.52,0.6832,90.07
23-Dec-08,34.6,0.6804,90.57
24-Dec-08,34.44,0.6826,90.68
25-Dec-08, , , 
26-Dec-08,34.95,0.6814,90.65
29-Dec-08,34.97,0.695,90.2
30-Dec-08,34.71,0.6906,90.37
31-Dec-08,34.72,0.6983,90.79
1-Jan-09, , , 
2-Jan-09,34.78,0.7083,91.12
5-Jan-09,34.98,0.7146,93.2
6-Jan-09,34.98,0.7187,94.2
7-Jan-09,34.82,0.7212,92.7
8-Jan-09,34.8,0.7071,91.15
9-Jan-09,34.82,0.7063,90.25
12-Jan-09,34.9,0.6814,88.92
13-Jan-09,34.87,0.6675,89.65
14-Jan-09,34.87,0.664,89.28
15-Jan-09,34.83,0.6558,89.59
16-Jan-09,34.81,0.666,90.29
19-Jan-09, , , 
20-Jan-09,34.95,0.6574,90.19
21-Jan-09,34.89,0.6495,87.8
22-Jan-09,34.84,0.6544,88.64
23-Jan-09,34.86,0.6522,88.72
26-Jan-09,34.87,0.661,89.25
27-Jan-09,34.86,0.6602,88.99
28-Jan-09,34.87,0.6699,88.87
29-Jan-09,34.88,0.655,89.77
30-Jan-09,34.94,0.638,89.83
2-Feb-09,34.95,0.632,89.86
3-Feb-09,34.93,0.6476,89.09
4-Feb-09,34.9,0.6499,89.53
5-Feb-09,34.95,0.6539,91.01
6-Feb-09,34.98,0.6715,91.95
9-Feb-09,34.99,0.6834,91.47
10-Feb-09,34.97,0.6589,90.65
11-Feb-09,35.05,0.6549,90.66
12-Feb-09,35.14,0.6507,90.55
13-Feb-09,35.12,0.6595,91.84
16-Feb-09, , , 
17-Feb-09,35.26,0.6386,92.17
18-Feb-09,35.36,0.6385,93.81
19-Feb-09,35.54,0.645,94.09
20-Feb-09,35.69,0.6419,93.87
23-Feb-09,35.61,0.6456,94.63
24-Feb-09,35.65,0.6429,96.6
25-Feb-09,35.75,0.6476,97.33
26-Feb-09,35.92,0.6536,98.55
27-Feb-09,36.11,0.6419,97.74
2-Mar-09,36.25,0.6301,97.17
3-Mar-09,36.05,0.6388,98.16
4-Mar-09,36.05,0.6499,99.34
5-Mar-09,36.13,0.6408,98.32
6-Mar-09,36.04,0.6408,97.88
9-Mar-09,36.13,0.6311,98.87
10-Mar-09,35.94,0.6473,98.39
11-Mar-09,35.91,0.6497,97.74
12-Mar-09,35.97,0.6473,97.86
13-Mar-09,35.9,0.6576,98.04
16-Mar-09,35.79,0.6611,98.17
17-Mar-09,35.81,0.6591,98.85
18-Mar-09,35.82,0.6589,98.08
19-Mar-09,35.34,0.6927,93.85
20-Mar-09,35.26,0.6892,96.18
23-Mar-09,35.33,0.6994,97.3
24-Mar-09,35.39,0.7017,97.86
25-Mar-09,35.42,0.7009,97.7
26-Mar-09,35.33,0.7022,98.47
27-Mar-09,35.35,0.6946,97.99
30-Mar-09,35.56,0.6788,97.44
31-Mar-09,35.44,0.6925,99.15
1-Apr-09,35.47,0.6941,98.93
2-Apr-09,35.26,0.7169,99.48
3-Apr-09,35.23,0.7103,99.94
6-Apr-09,35.27,0.7101,100.65
7-Apr-09,35.39,0.716,100.71
8-Apr-09,35.4,0.711,99.95
9-Apr-09,35.44,0.7168,100.43
10-Apr-09,35.39,0.7189,100.3
13-Apr-09,35.66,0.7288,100.12
14-Apr-09,35.4,0.7286,99.08
15-Apr-09,35.4,0.7228,99.37
16-Apr-09,35.33,0.7201,99.29
17-Apr-09,35.45,0.7204,99.21
20-Apr-09,35.54,0.702,98.29
21-Apr-09,35.53,0.7095,98.6
22-Apr-09,35.56,0.7109,98.14
23-Apr-09,35.47,0.7105,97.88
24-Apr-09,35.34,0.722,97.08
27-Apr-09,35.42,0.7157,96.57
28-Apr-09,35.39,0.7043,96.49
29-Apr-09,35.31,0.7268,96.97
30-Apr-09,35.23,0.7317,98.76
1-May-09,35.25,0.729,99.24
4-May-09,35.16,0.7388,99.12
5-May-09,35.07,0.7436,98.76
6-May-09,35.13,0.7467,98.6
7-May-09,34.84,0.7579,99
8-May-09,34.84,0.7609,99.01
11-May-09,34.56,0.7614,97.45
12-May-09,34.53,0.7635,96.59
13-May-09,34.49,0.757,95.75
14-May-09,34.53,0.7573,95.62
15-May-09,34.53,0.7526,94.89
18-May-09,34.54,0.7596,96.05
19-May-09,34.4,0.7741,96.1
20-May-09,34.41,0.777,95.16
21-May-09,34.39,0.7743,94.97
22-May-09,34.32,0.7853,94.45
25-May-09, , , 
26-May-09,34.44,0.7842,94.81
27-May-09,34.36,0.7874,95.01
28-May-09,34.38,0.7861,96.76
29-May-09,34.31,0.7993,95.55
1-Jun-09,34.07,0.8101,96.53
2-Jun-09,34.09,0.8194,95.72
3-Jun-09,34.01,0.8103,95.72
4-Jun-09,34.12,0.799,96.37
5-Jun-09,34.22,0.8012,98.18
8-Jun-09,34.35,0.7851,98.56
9-Jun-09,34.14,0.798,97.6
10-Jun-09,34.09,0.8043,98.13
11-Jun-09,34,0.8195,97.83
12-Jun-09,34.07,0.8132,98.17
15-Jun-09,34.14,0.792,98.03
16-Jun-09,34.07,0.8,96.26
17-Jun-09,34.13,0.7887,95.65
18-Jun-09,34.14,0.8038,96.36
19-Jun-09,34.09,0.8111,96.15
22-Jun-09,34.12,0.7896,95.9
23-Jun-09,34.12,0.7901,95.32
24-Jun-09,34.08,0.8028,95.38
25-Jun-09,34.1,0.799,96.21
26-Jun-09,34.04,0.8053,95.19
29-Jun-09,34.03,0.8066,95.84
30-Jun-09,34.06,0.8055,96.42
1-Jul-09,34.03,0.8105,96.41
2-Jul-09,34.08,0.7948,95.9
3-Jul-09,34.06,0.7986,95.95
6-Jul-09,34.09,0.7922,95
7-Jul-09,34.07,0.7963,95.11
8-Jul-09,34.07,0.778,92.9
9-Jul-09,34.04,0.7834,92.79
10-Jul-09,34.04,0.7751,92.33
13-Jul-09,34.14,0.7807,92.74
14-Jul-09,34.1,0.7895,93.03
15-Jul-09,34.05,0.8041,94.09
16-Jul-09,34.06,0.8019,93.59
17-Jul-09,34.04,0.8013,94.08
20-Jul-09,33.99,0.8131,94.52
21-Jul-09,33.99,0.8123,93.36
22-Jul-09,34,0.8161,93.77
23-Jul-09,33.96,0.8206,94.75
24-Jul-09,33.95,0.8162,94.86
27-Jul-09,33.95,0.8212,95.32
28-Jul-09,33.93,0.8287,94.6
29-Jul-09,34.02,0.8164,95.13
30-Jul-09,34.05,0.8272,95.67
31-Jul-09,34.01,0.8339,94.54
3-Aug-09,34.01,0.8428,95.23
4-Aug-09,33.96,0.8422,95.41
5-Aug-09,33.96,0.8384,94.98
6-Aug-09,33.97,0.8397,95.56
7-Aug-09,33.98,0.8371,97.65
10-Aug-09,34.01,0.8377,97.23
11-Aug-09,34.03,0.8296,95.94
12-Aug-09,34.07,0.8333,96.16
13-Aug-09,34.03,0.8396,95.46
14-Aug-09,34.02,0.8323,94.64
17-Aug-09,34.04,0.8234,94.33
18-Aug-09,34.04,0.8201,94.72
19-Aug-09,34.03,0.8293,93.87
20-Aug-09,34.01,0.8308,94.12
21-Aug-09,33.99,0.8349,94.6
24-Aug-09,34,0.8407,94.47
25-Aug-09,34.01,0.8412,94.28
26-Aug-09,34,0.8273,94.25
27-Aug-09,34,0.8355,93.57
28-Aug-09,33.99,0.8425,93.55
31-Aug-09,34.01,0.8439,92.82
1-Sep-09,34,0.8306,93.09
2-Sep-09,34.05,0.8323,92.43
3-Sep-09,34.04,0.8406,92.54
4-Sep-09,34.05,0.8485,92.75
7-Sep-09, , , 
8-Sep-09,34.02,0.8636,92.21
9-Sep-09,34,0.8639,91.85
10-Sep-09,33.99,0.8596,91.86
11-Sep-09,33.9,0.8649,90.3
14-Sep-09,33.94,0.8604,90.85
15-Sep-09,33.9,0.8603,90.95
16-Sep-09,33.73,0.8724,91
17-Sep-09,33.69,0.8731,91.15
18-Sep-09,33.68,0.8668,91.31
21-Sep-09,33.71,0.8636,91.87
22-Sep-09,33.6,0.8736,91.08
23-Sep-09,33.52,0.8722,91.45
24-Sep-09,33.58,0.8686,91.16
25-Sep-09,33.55,0.8655,89.83
28-Sep-09,33.53,0.8734,89.34
29-Sep-09,33.6,0.8701,90.26
30-Sep-09,33.46,0.8824,89.49
1-Oct-09,33.47,0.873,89.73
2-Oct-09,33.45,0.8656,89.62
5-Oct-09,33.43,0.8772,89.56
6-Oct-09,33.32,0.8912,88.77
7-Oct-09,33.36,0.8878,88.76
8-Oct-09,33.3,0.9072,88.44
9-Oct-09,33.3,0.9034,89.69
12-Oct-09, , , 
13-Oct-09,33.27,0.9074,89.71
14-Oct-09,33.35,0.9133,89.44
15-Oct-09,33.47,0.9204,90.39
16-Oct-09,33.4,0.9158,90.73
19-Oct-09,33.34,0.9266,90.72
20-Oct-09,33.35,0.9209,90.83
21-Oct-09,33.41,0.9275,91.04
22-Oct-09,33.44,0.9223,91.42
23-Oct-09,33.42,0.9255,91.88
26-Oct-09,33.38,0.92,91.96
27-Oct-09,33.41,0.9163,92.04
28-Oct-09,33.44,0.9013,91.07
29-Oct-09,33.46,0.9143,91.41
30-Oct-09,33.42,0.9038,90.5
2-Nov-09,33.41,0.9083,90.56
3-Nov-09,33.46,0.8985,90.3
4-Nov-09,33.38,0.9087,90.96
5-Nov-09,33.4,0.9083,90.45
6-Nov-09,33.35,0.9164,89.86
9-Nov-09,33.29,0.9293,89.92
10-Nov-09,33.3,0.9278,89.82
11-Nov-09, , , 
12-Nov-09,33.3,0.9248,90.4
13-Nov-09,33.23,0.9311,89.55
16-Nov-09,33.18,0.9369,89.28
17-Nov-09,33.17,0.9264,89.41
18-Nov-09,33.15,0.9302,89.36
19-Nov-09,33.19,0.9186,88.95
20-Nov-09,33.21,0.9155,88.9
23-Nov-09,33.2,0.9247,89.14
24-Nov-09,33.22,0.9169,88.58
25-Nov-09,33.11,0.9282,87.65
26-Nov-09, , , 
27-Nov-09,33.21,0.9089,86.87
30-Nov-09,33.22,0.9143,86.12
1-Dec-09,33.17,0.9249,86.62
2-Dec-09,33.14,0.9262,87.13
3-Dec-09,33.1,0.9265,88.2
4-Dec-09,33.12,0.9149,89.87
7-Dec-09,33.12,0.913,89.44
8-Dec-09,33.15,0.9083,88.41
9-Dec-09,33.11,0.9077,87.83
10-Dec-09,33.1,0.9163,88.2
11-Dec-09,33.12,0.9112,89.23
14-Dec-09,33.12,0.9156,88.65
15-Dec-09,33.15,0.9066,89.91
16-Dec-09,33.17,0.9014,89.52
17-Dec-09,33.23,0.8855,90.35
18-Dec-09,33.23,0.8866,90.47
21-Dec-09,33.22,0.8833,90.95
22-Dec-09,33.25,0.8777,91.67
23-Dec-09,33.33,0.8811,91.52
24-Dec-09,33.3,0.8828,91.69
25-Dec-09, , , 
28-Dec-09,33.37,0.8875,91.57
29-Dec-09,33.33,0.8969,91.95
30-Dec-09,33.34,0.8945,92.66
31-Dec-09,33.33,0.8979,93.08
1-Jan-10, , , 
4-Jan-10,33.18,0.9133,92.55
5-Jan-10,33.15,0.9143,91.48
6-Jan-10,33.14,0.9189,92.53
7-Jan-10,33.11,0.9168,93.31
8-Jan-10,33.13,0.9218,92.7
11-Jan-10,33.01,0.9295,91.9
12-Jan-10,33.01,0.9242,90.95
13-Jan-10,33.02,0.9225,91.38
14-Jan-10,32.85,0.9306,91.03
15-Jan-10,32.86,0.9234,90.79
18-Jan-10, , , 
19-Jan-10,32.89,0.9232,91.13
20-Jan-10,32.96,0.9085,91.23
21-Jan-10,32.96,0.9053,90.25
22-Jan-10,33.02,0.905,90.07
25-Jan-10,32.95,0.903,90.12
26-Jan-10,33.02,0.8949,89.63
27-Jan-10,33.02,0.8967,89.41
28-Jan-10,33.07,0.9024,90.08
29-Jan-10,33.17,0.8873,90.38
1-Feb-10,33.16,0.8877,90.8
2-Feb-10,33.11,0.8843,90.39
3-Feb-10,33.04,0.8818,91.11
4-Feb-10,33.14,0.8646,89.11
5-Feb-10,33.18,0.8617,89.25
8-Feb-10,33.17,0.8693,89.32
9-Feb-10,33.15,0.8772,89.45
10-Feb-10,33.16,0.874,89.88
11-Feb-10,33.16,0.8886,89.82
12-Feb-10,33.17,0.8839,90
15-Feb-10, , , 
16-Feb-10,33.15,0.8994,90.46
17-Feb-10,33.15,0.8994,90.79
18-Feb-10,33.16,0.8971,91.43
19-Feb-10,33.17,0.8954,91.94
22-Feb-10,33.1,0.8994,91.11
23-Feb-10,33.06,0.8935,90.04
24-Feb-10,33,0.8941,90.06
25-Feb-10,33.07,0.8811,88.85
26-Feb-10,33.02,0.8961,88.84
1-Mar-10,32.84,0.9001,89.28
2-Mar-10,32.71,0.9043,88.95
3-Mar-10,32.65,0.9077,88.43
4-Mar-10,32.61,0.8997,89.02
5-Mar-10,32.63,0.9065,90.32
8-Mar-10,32.69,0.9084,90.3
9-Mar-10,32.71,0.9138,89.89
10-Mar-10,32.63,0.917,90.62
11-Mar-10,32.66,0.915,90.6
12-Mar-10,32.54,0.9152,90.46
15-Mar-10,32.54,0.9117,90.45
16-Mar-10,32.42,0.9148,90.43
17-Mar-10,32.31,0.9225,90.42
18-Mar-10,32.28,0.9201,90.46
19-Mar-10,32.29,0.9164,90.5
22-Mar-10,32.33,0.9154,90.02
23-Mar-10,32.31,0.9186,90.24
24-Mar-10,32.35,0.909,91.89
25-Mar-10,32.38,0.9119,92.69
26-Mar-10,32.39,0.9042,92.56
29-Mar-10,32.34,0.9152,92.65
30-Mar-10,32.33,0.9183,92.89
31-Mar-10,32.36,0.9169,93.4
1-Apr-10,32.33,0.9212,93.83
2-Apr-10,32.34,0.9187,94.51
5-Apr-10,32.38,0.921,94.28
6-Apr-10,32.37,0.9254,93.81
7-Apr-10,32.36,0.9287,93.59
8-Apr-10,32.27,0.9283,93.16
9-Apr-10,32.2,0.9326,93.28
12-Apr-10,32.36,0.9297,93.21
13-Apr-10,32.33,0.9274,92.78
14-Apr-10,32.22,0.9359,93.01
15-Apr-10,32.22,0.9322,93.04
16-Apr-10,32.22,0.9252,92.03
19-Apr-10,32.23,0.9185,92.18
20-Apr-10,32.16,0.9312,93.28
21-Apr-10,32.17,0.9278,93.24
22-Apr-10,32.26,0.9246,93.01
23-Apr-10,32.19,0.9229,94.18
26-Apr-10,32.2,0.9273,94.06
27-Apr-10,32.22,0.917,93.01
28-Apr-10,32.31,0.922,94.07
29-Apr-10,32.24,0.9277,94.16
30-Apr-10,32.33,0.9306,94.24
3-May-10,32.33,0.9255,94.68
4-May-10,32.28,0.9125,94.58
5-May-10,32.35,0.9095,94.3
6-May-10,32.33,0.8939,92.22
7-May-10,32.26,0.889,91.67
10-May-10,32.26,0.9016,93.39
11-May-10,32.3,0.899,92.83
12-May-10,32.28,0.8926,92.93
13-May-10,32.35,0.8998,92.7
14-May-10,32.35,0.8886,91.94
17-May-10,32.34,0.8735,92.08
18-May-10,32.3,0.8727,92.52
19-May-10,32.35,0.838,91.16
20-May-10,32.35,0.825,90.07
21-May-10,32.36,0.8302,90.21
24-May-10,32.42,0.8324,90.49
25-May-10,32.54,0.8172,89.89
26-May-10,32.48,0.8291,90.28
27-May-10,32.52,0.8467,90.71
28-May-10,32.55,0.8491,90.81
31-May-10, , , 
1-Jun-10,32.58,0.8396,91.16
2-Jun-10,32.59,0.8355,92.21
3-Jun-10,32.55,0.842,92.33
4-Jun-10,32.62,0.8279,91.83
7-Jun-10,32.63,0.8192,92
8-Jun-10,32.6,0.8232,91.3
9-Jun-10,32.57,0.8337,91.54
10-Jun-10,32.48,0.8469,91.04
11-Jun-10,32.44,0.8493,91.72
14-Jun-10,32.39,0.8634,91.8
15-Jun-10,32.4,0.8616,91.25
16-Jun-10,32.38,0.8648,91.39
17-Jun-10,32.38,0.8648,90.92
18-Jun-10,32.38,0.8699,90.79
21-Jun-10,32.27,0.8818,91.18
22-Jun-10,32.31,0.8791,90.59
23-Jun-10,32.34,0.8739,89.82
24-Jun-10,32.38,0.8671,89.4
25-Jun-10,32.37,0.8682,89.35
28-Jun-10,32.35,0.8738,89.23
29-Jun-10,32.4,0.8525,88.39
30-Jun-10,32.4,0.848,88.49
1-Jul-10,32.36,0.838,87.42
2-Jul-10,32.38,0.8432,87.69
5-Jul-10, , , 
6-Jul-10,32.42,0.8555,87.55
7-Jul-10,32.46,0.8568,87.16
8-Jul-10,32.43,0.8767,88.44
9-Jul-10,32.32,0.8753,88.48
12-Jul-10,32.34,0.8733,88.53
13-Jul-10,32.35,0.8821,88.24
14-Jul-10,32.29,0.8854,88.59
15-Jul-10,32.23,0.8781,87.41
16-Jul-10,32.22,0.8707,86.4
19-Jul-10,32.27,0.8692,86.77
20-Jul-10,32.27,0.8788,87.22
21-Jul-10,32.29,0.8824,87.3
22-Jul-10,32.24,0.892,87
23-Jul-10,32.19,0.8946,87.31
26-Jul-10,32.18,0.8998,87.2
27-Jul-10,32.16,0.9017,87.88
28-Jul-10,32.23,0.8929,87.62
29-Jul-10,32.21,0.8981,86.87
30-Jul-10,32.24,0.9051,86.43
2-Aug-10,32.19,0.9135,86.42
3-Aug-10,32.16,0.915,85.88
4-Aug-10,32.13,0.916,86.26
5-Aug-10,32.05,0.9131,85.83
6-Aug-10,31.99,0.9165,85.25
9-Aug-10,31.93,0.917,85.88
10-Aug-10,31.95,0.9086,85.88
11-Aug-10,31.91,0.9006,85.36
12-Aug-10,31.89,0.8964,85.83
13-Aug-10,31.88,0.8955,86.2
16-Aug-10,31.79,0.8976,85.33
17-Aug-10,31.72,0.9067,85.51
18-Aug-10,31.59,0.8995,85.31
19-Aug-10,31.54,0.8928,85.27
20-Aug-10,31.52,0.8881,85.63
23-Aug-10,31.45,0.893,85.16
24-Aug-10,31.51,0.8862,84.16
25-Aug-10,31.47,0.8807,84.56
26-Aug-10,31.34,0.8881,84.61
27-Aug-10,31.22,0.8979,85.1
30-Aug-10,31.28,0.894,84.67
31-Aug-10,31.27,0.891,84.1
1-Sep-10,31.16,0.9093,84.48
2-Sep-10,31.15,0.9104,84.15
3-Sep-10,31.16,0.9155,84.45
6-Sep-10, , , 
7-Sep-10,31.16,0.9143,83.75
8-Sep-10,31.01,0.9185,83.85
9-Sep-10,30.79,0.9248,83.83
10-Sep-10,30.76,0.9258,84.13
13-Sep-10,30.72,0.9359,83.53
14-Sep-10,30.74,0.9436,83.05
15-Sep-10,30.84,0.9397,85.63
16-Sep-10,30.78,0.9351,85.72
17-Sep-10,30.73,0.9378,85.77
20-Sep-10,30.72,0.9479,85.74
21-Sep-10,30.8,0.9475,85.36
22-Sep-10,30.62,0.9536,84.37
23-Sep-10,30.68,0.9538,84.32
24-Sep-10,30.65,0.9584,84.24
27-Sep-10,30.55,0.9622,84.17
28-Sep-10,30.54,0.9673,83.82
29-Sep-10,30.44,0.9714,83.61
30-Sep-10,30.32,0.964,83.53
1-Oct-10,30.15,0.971,83.3
4-Oct-10,30.11,0.9666,83.33
5-Oct-10,30.09,0.9699,83.17
6-Oct-10,29.9,0.9781,82.8
7-Oct-10,29.93,0.9815,82.35
8-Oct-10,29.95,0.9866,81.86
11-Oct-10, , , 
12-Oct-10,29.94,0.9848,81.74
13-Oct-10,29.83,0.9922,81.81
14-Oct-10,29.79,0.9943,81.44
15-Oct-10,29.79,0.9883,81.32
18-Oct-10,29.85,0.9917,81.16
19-Oct-10,29.96,0.9758,81.6
20-Oct-10,29.88,0.9848,81.14
21-Oct-10,29.81,0.9838,81.16
22-Oct-10,29.92,0.9784,81.48
25-Oct-10,29.82,0.9933,80.61
26-Oct-10,29.88,0.9863,81.28
27-Oct-10,29.97,0.9699,81.55
28-Oct-10,29.92,0.9787,80.99
29-Oct-10,29.92,0.9798,80.48
1-Nov-10,29.85,0.9878,80.66
2-Nov-10,29.79,0.999,80.8
3-Nov-10,29.76,0.9967,81.41
4-Nov-10,29.67,1.0143,80.61
5-Nov-10,29.61,1.0138,81.35
8-Nov-10,29.58,1.0134,81.14
9-Nov-10,29.49,1.012,81.15
10-Nov-10,29.58,1.0025,82.53
11-Nov-10, , , 
12-Nov-10,29.79,0.9906,82.44
15-Nov-10,29.89,0.9904,82.9
16-Nov-10,29.9,0.9755,83.41
17-Nov-10,30.01,0.9821,83.15
18-Nov-10,29.95,0.989,83.64
19-Nov-10,29.96,0.9846,83.49
22-Nov-10,29.92,0.9867,83.46
23-Nov-10,30.03,0.973,82.86
24-Nov-10,29.99,0.9822,83.38
25-Nov-10, , , 
26-Nov-10,30.26,0.964,84.08
29-Nov-10,30.18,0.9594,84.34
30-Nov-10,30.17,0.9607,83.56
1-Dec-10,30.04,0.9675,84
2-Dec-10,30.01,0.9774,83.53
3-Dec-10,30.03,0.9877,82.73
6-Dec-10,30.01,0.9883,82.7
7-Dec-10,29.98,0.9894,83.04
8-Dec-10,30.1,0.978,84.16
9-Dec-10,30.06,0.9823,83.85
10-Dec-10,30.04,0.9856,83.87
13-Dec-10,30.03,0.9942,83.57
14-Dec-10,29.99,0.9998,83.52
15-Dec-10,30.05,0.9917,84.04
16-Dec-10,30.13,0.9866,84.23
17-Dec-10,30.13,0.9854,84.15
20-Dec-10,30.15,0.9933,83.72
21-Dec-10,30.14,0.9972,83.76
22-Dec-10,30.14,1.0003,83.56
23-Dec-10,30.14,1.0051,82.97
24-Dec-10, , , 
27-Dec-10,30.16,1.0026,82.91
28-Dec-10,30.16,1.0112,82.21
29-Dec-10,30.15,1.0153,81.9
30-Dec-10,30.16,1.0122,81.67
31-Dec-10, , , 
3-Jan-11,30.05,1.02,81.56
4-Jan-11,30.08,1.0044,81.96
5-Jan-11,30.2,1.0003,83.22
6-Jan-11,30.24,0.9959,83.15
7-Jan-11,30.32,0.9954,83.04
10-Jan-11,30.63,0.9936,82.78
11-Jan-11,30.51,0.9873,83.36
12-Jan-11,30.37,0.9934,83.29
13-Jan-11,30.37,1.0003,82.72
14-Jan-11,30.49,0.9886,82.99
17-Jan-11, , , 
18-Jan-11,30.46,0.998,82.66
19-Jan-11,30.46,1.003,82.03
20-Jan-11,30.62,0.9868,83.02
21-Jan-11,30.69,0.9892,82.63
24-Jan-11,30.89,1.0001,82.44
25-Jan-11,30.94,0.991,82.35
26-Jan-11,30.8,0.9948,82.27
27-Jan-11,30.92,0.9907,83.03
28-Jan-11,31.01,0.9926,82.03
31-Jan-11,30.86,0.9976,81.97
1-Feb-11,30.87,1.0122,81.48
2-Feb-11,30.86,1.0062,81.82
3-Feb-11,30.9,1.0143,81.48
4-Feb-11,30.8,1.0139,81.99
7-Feb-11,30.7,1.0139,82.4
8-Feb-11,30.68,1.0176,81.92
9-Feb-11,30.71,1.0095,82.47
10-Feb-11,30.79,1.0061,83.11
11-Feb-11,30.77,1.0001,83.52
14-Feb-11,30.72,1.0024,83.32
15-Feb-11,30.69,0.9989,83.79
16-Feb-11,30.6,0.9984,83.73
17-Feb-11,30.59,1.0116,83.25
18-Feb-11,30.55,1.0144,83.22
21-Feb-11, , , 
22-Feb-11,30.6,0.9992,82.94
23-Feb-11,30.59,1.0001,82.39
24-Feb-11,30.6,1.0088,81.67
25-Feb-11,30.62,1.0155,81.76
28-Feb-11,30.57,1.0174,81.94
1-Mar-11,30.52,1.0159,81.86
2-Mar-11,30.52,1.0157,81.62
3-Mar-11,30.45,1.0131,82.41
4-Mar-11,30.44,1.0111,82.35
7-Mar-11,30.39,1.011,82.12
8-Mar-11,30.33,1.0113,82.69
9-Mar-11,30.29,1.0111,82.78
10-Mar-11,30.38,1.0017,82.98
11-Mar-11,30.36,1.011,81.77
14-Mar-11,30.33,1.0073,81.65
15-Mar-11,30.41,0.99,80.82
16-Mar-11,30.38,0.9842,80.17
17-Mar-11,30.26,0.9823,78.74
18-Mar-11,30.27,0.9953,81.14
21-Mar-11,30.25,1.0044,81.11
22-Mar-11,30.19,1.0118,81
23-Mar-11,30.27,1.0105,80.94
24-Mar-11,30.23,1.0219,80.82
25-Mar-11,30.23,1.0282,81.12
28-Mar-11,30.28,1.0281,81.67
29-Mar-11,30.32,1.0264,82.38
30-Mar-11,30.32,1.0319,82.98
31-Mar-11,30.24,1.0358,82.76
1-Apr-11,30.26,1.0387,84.05
4-Apr-11,30.2,1.0352,83.98
5-Apr-11,30.17,1.0346,84.65
6-Apr-11,30.13,1.0425,85.26
7-Apr-11,30.07,1.0456,84.98
8-Apr-11,30.01,1.0531,84.99
11-Apr-11,30.06,1.0534,84.58
12-Apr-11,30.16,1.047,83.79
13-Apr-11,30.14,1.0504,83.59
14-Apr-11,30.13,1.0523,83.23
15-Apr-11,30.12,1.0558,83.13
18-Apr-11,30.1,1.049,82.43
19-Apr-11,30.03,1.0507,82.41
20-Apr-11,29.93,1.0677,82.58
21-Apr-11,29.89,1.0747,81.81
22-Apr-11,29.89,1.0735,81.92
25-Apr-11,29.92,1.0717,81.93
26-Apr-11,29.95,1.0772,81.93
27-Apr-11,29.95,1.079,82.6
28-Apr-11,29.92,1.0893,81.57
29-Apr-11,29.86,1.0937,81.31
2-May-11,29.81,1.097,81.23
3-May-11,29.96,1.0921,81.02
4-May-11,30.03,1.0765,80.69
5-May-11,30.16,1.0642,80.12
6-May-11,30.15,1.0763,80.51
9-May-11,30.19,1.0754,80.66
10-May-11,30.16,1.0803,80.75
11-May-11,30.12,1.0756,80.78
12-May-11,30.27,1.0652,80.75
13-May-11,30.23,1.0565,80.76
16-May-11,30.28,1.062,80.82
17-May-11,30.31,1.0539,81.39
18-May-11,30.23,1.0617,81.37
19-May-11,30.26,1.0614,81.78
20-May-11,30.25,1.0644,81.64
23-May-11,30.4,1.0496,81.81
24-May-11,30.38,1.0555,82.12
25-May-11,30.42,1.0537,81.96
26-May-11,30.42,1.059,81.44
27-May-11,30.3,1.0711,80.75
30-May-11, , , 
31-May-11,30.31,1.066,81.29
1-Jun-11,30.2,1.0716,80.82
2-Jun-11,30.3,1.0617,80.98
3-Jun-11,30.27,1.0714,80.38
6-Jun-11,30.26,1.0737,80.19
7-Jun-11,30.28,1.0713,80.21
8-Jun-11,30.38,1.0635,79.87
9-Jun-11,30.39,1.0642,80.07
10-Jun-11,30.42,1.0567,80.26
13-Jun-11,30.46,1.0562,80.16
14-Jun-11,30.42,1.0691,80.5
15-Jun-11,30.51,1.0621,80.71
16-Jun-11,30.59,1.0541,80.7
17-Jun-11,30.53,1.062,80.1
20-Jun-11,30.54,1.0587,80.26
21-Jun-11,30.46,1.0598,80.15
22-Jun-11,30.38,1.0633,80.06
23-Jun-11,30.58,1.0484,80.45
24-Jun-11,30.69,1.0523,80.32
27-Jun-11,30.9,1.0439,80.89
28-Jun-11,30.94,1.0521,80.85
29-Jun-11,30.79,1.0673,80.8
30-Jun-11,30.7,1.0732,80.64
1-Jul-11,30.76,1.0754,80.81
4-Jul-11, , , 
5-Jul-11,30.46,1.0698,81.14
6-Jul-11,30.45,1.0696,80.9
7-Jul-11,30.28,1.0764,81.26
8-Jul-11,30.22,1.0727,80.64
11-Jul-11,30.3,1.0662,80.37
12-Jul-11,30.31,1.0626,79.53
13-Jul-11,30.07,1.0763,78.99
14-Jul-11,30.06,1.0741,79.11
15-Jul-11,30.06,1.0656,79.03
18-Jul-11,30.01,1.0565,79.1
19-Jul-11,29.88,1.0699,78.91
20-Jul-11,29.88,1.0727,78.76
21-Jul-11,29.87,1.0837,78.47
22-Jul-11,29.76,1.0851,78.44
25-Jul-11,29.73,1.0853,78.31
26-Jul-11,29.68,1.0942,78.04
27-Jul-11,29.73,1.1026,77.99
28-Jul-11,29.7,1.1025,77.87
29-Jul-11,29.74,1.1001,77.18
1-Aug-11,29.73,1.093,76.87
2-Aug-11,29.74,1.084,77.13
3-Aug-11,29.74,1.0721,76.87
4-Aug-11,29.84,1.0516,79.01
5-Aug-11,29.86,1.038,78.48
8-Aug-11,29.87,1.0351,77.53
9-Aug-11,29.91,1.0192,77.16
10-Aug-11,29.88,1.021,76.41
11-Aug-11,29.96,1.0269,76.68
12-Aug-11,29.96,1.0352,76.79
15-Aug-11,29.84,1.0478,76.73
16-Aug-11,29.83,1.0491,76.76
17-Aug-11,29.83,1.0543,76.46
18-Aug-11,29.88,1.0393,76.52
19-Aug-11,29.81,1.0444,76.46
22-Aug-11,29.82,1.0417,76.77
23-Aug-11,29.83,1.051,76.59
24-Aug-11,29.91,1.0471,76.78
25-Aug-11,29.99,1.0457,77.38
26-Aug-11,29.96,1.0573,76.62
29-Aug-11,29.97,1.0619,76.96
30-Aug-11,29.99,1.0676,76.75
31-Aug-11,29.94,1.0702,76.5
1-Sep-11,29.95,1.075,76.81
2-Sep-11,29.89,1.0677,76.79
5-Sep-11, , , 
6-Sep-11,29.95,1.051,77.48
7-Sep-11,29.98,1.0614,77.39
8-Sep-11,30.01,1.063,77.43
9-Sep-11,30.06,1.0446,77.31
12-Sep-11,30.15,1.0312,77.15
13-Sep-11,30.17,1.032,76.88
14-Sep-11,30.27,1.0234,76.71
15-Sep-11,30.32,1.0313,76.7
16-Sep-11,30.33,1.038,76.89
19-Sep-11,30.54,1.0217,76.48
20-Sep-11,30.38,1.0293,76.52
21-Sep-11,30.56,1.0209,76.38
22-Sep-11,30.78,0.9764,76.31
23-Sep-11,30.91,0.9784,76.3
26-Sep-11,31.15,0.9751,76.35
27-Sep-11,30.85,0.9962,76.6
28-Sep-11,31.03,0.9895,76.51
29-Sep-11,31.17,0.9818,76.68
30-Sep-11,31.15,0.9744,77.04
3-Oct-11,31.11,0.9647,76.66
4-Oct-11,31.24,0.9453,76.86
5-Oct-11,31.17,0.9624,76.86
6-Oct-11,31.02,0.9699,76.64
7-Oct-11,30.87,0.9843,76.77
10-Oct-11, , , 
11-Oct-11,30.92,0.9978,76.66
12-Oct-11,30.8,1.0166,77.3
13-Oct-11,30.87,1.0147,76.88
14-Oct-11,30.77,1.0296,77.36
17-Oct-11,30.61,1.0241,76.8
18-Oct-11,30.73,1.022,76.75
19-Oct-11,30.71,1.0272,76.79
20-Oct-11,30.99,1.0187,76.91
21-Oct-11,30.94,1.033,76.1
24-Oct-11,30.81,1.0454,76.1
25-Oct-11,30.8,1.0447,75.88
26-Oct-11,30.77,1.0348,76.05
27-Oct-11,30.49,1.0686,75.8
28-Oct-11,30.48,1.0707,75.72
31-Oct-11,30.69,1.061,77.97
1-Nov-11,30.88,1.0302,78.28
2-Nov-11,30.72,1.0366,78.04
3-Nov-11,30.68,1.0352,77.96
4-Nov-11,30.65,1.0358,78.17
7-Nov-11,30.65,1.0339,78.06
8-Nov-11,30.66,1.0332,77.79
9-Nov-11,30.71,1.0199,77.77
10-Nov-11,30.81,1.0137,77.58
11-Nov-11, , , 
14-Nov-11,30.78,1.0193,77.02
15-Nov-11,30.82,1.0144,76.99
16-Nov-11,30.82,1.0137,77.02
17-Nov-11,30.89,1.0056,76.98
18-Nov-11,31,1.0036,76.93
21-Nov-11,31.22,0.9842,76.97
22-Nov-11,31.2,0.9831,77.07
23-Nov-11,31.35,0.9686,77.41
24-Nov-11, , , 
25-Nov-11,31.38,0.9737,77.66
28-Nov-11,31.3,0.9924,78.05
29-Nov-11,31.23,1.0018,77.86
30-Nov-11,30.88,1.0244,77.58
1-Dec-11,30.81,1.0227,77.6
2-Dec-11,30.81,1.0221,77.88
5-Dec-11,30.75,1.0298,77.77
6-Dec-11,30.84,1.0227,77.73
7-Dec-11,30.75,1.0268,77.69
8-Dec-11,30.77,1.0187,77.67
9-Dec-11,30.9,1.019,77.58
12-Dec-11,31.19,1.0059,77.87
13-Dec-11,31.19,1.0097,77.86
14-Dec-11,31.33,0.9904,78.08
15-Dec-11,31.42,0.9936,77.87
16-Dec-11,31.31,0.9962,77.65
19-Dec-11,31.29,0.9915,77.96
20-Dec-11,31.23,1.0069,77.76
21-Dec-11,31.27,1.007,78
22-Dec-11,31.24,1.014,78.13
23-Dec-11,31.27,1.0148,78.13
26-Dec-11, , , 
27-Dec-11,31.43,1.016,77.83
28-Dec-11,31.59,1.0092,77.98
29-Dec-11,31.76,1.0134,77.71
30-Dec-11,31.51,1.0251,76.98
2-Jan-12, , , 
3-Jan-12,31.29,1.038,76.67
4-Jan-12,31.5,1.0348,76.68
5-Jan-12,31.62,1.0253,77.18
6-Jan-12,31.7,1.0235,77.06
9-Jan-12,31.78,1.0215,76.88
10-Jan-12,31.62,1.0323,76.84
11-Jan-12,31.75,1.0295,76.9
12-Jan-12,31.76,1.0311,76.76
13-Jan-12,31.81,1.0292,76.9
16-Jan-12, , , 
17-Jan-12,31.76,1.0395,76.8
18-Jan-12,31.74,1.0395,76.81
19-Jan-12,31.62,1.0417,77.23
20-Jan-12,31.5,1.0471,76.97
23-Jan-12,31.35,1.0534,76.92
24-Jan-12,31.36,1.047,77.78
25-Jan-12,31.57,1.0481,78.13
26-Jan-12,31.23,1.0651,77.47
27-Jan-12,31.05,1.0645,76.68
30-Jan-12,31.14,1.059,76.28
31-Jan-12,30.97,1.0598,76.34
1-Feb-12,30.93,1.07,76.11
2-Feb-12,30.87,1.0718,76.13
3-Feb-12,30.88,1.0762,76.54
6-Feb-12,30.93,1.0743,76.54
7-Feb-12,30.85,1.0798,76.88
8-Feb-12,30.76,1.0785,76.9
9-Feb-12,30.72,1.0806,77.42
10-Feb-12,30.84,1.0676,77.57
13-Feb-12,30.72,1.0741,77.52
14-Feb-12,30.83,1.0691,78.39
15-Feb-12,30.77,1.0742,78.22
16-Feb-12,30.82,1.0759,78.77
17-Feb-12,30.81,1.0695,79.33
20-Feb-12, , , 
21-Feb-12,30.68,1.0692,79.73
22-Feb-12,30.54,1.0629,80.3
23-Feb-12,30.29,1.0688,80.21
24-Feb-12,30.31,1.0707,80.88
27-Feb-12,30.39,1.0764,80.42
28-Feb-12,30.3,1.0765,80.44
29-Feb-12,30.46,1.0777,81.1
1-Mar-12,30.5,1.0803,81.16
2-Mar-12,30.58,1.0747,81.56
5-Mar-12,30.66,1.0668,81.43
6-Mar-12,30.84,1.0551,80.86
7-Mar-12,30.7,1.0583,81.06
8-Mar-12,30.56,1.0618,81.5
9-Mar-12,30.56,1.059,82.59
12-Mar-12,30.63,1.049,82.21
13-Mar-12,30.58,1.054,82.66
14-Mar-12,30.79,1.0446,83.78
15-Mar-12,30.72,1.0528,83.28
16-Mar-12,30.72,1.0584,83.34
19-Mar-12,30.69,1.0608,83.31
20-Mar-12,30.77,1.0485,83.62
21-Mar-12,30.76,1.0439,83.62
22-Mar-12,30.8,1.037,82.5
23-Mar-12,30.71,1.0456,82.35
26-Mar-12,30.68,1.0511,82.84
27-Mar-12,30.71,1.049,83.15
28-Mar-12,30.79,1.0369,82.74
29-Mar-12,30.91,1.0326,82.28
30-Mar-12,30.82,1.0367,82.41
2-Apr-12,30.81,1.0426,82.16
3-Apr-12,30.8,1.0372,82.18
4-Apr-12,31.01,1.0255,82.62
5-Apr-12,30.97,1.0303,82.33
6-Apr-12,30.97,1.0311,81.56
9-Apr-12,30.93,1.0319,81.36
10-Apr-12,30.98,1.0262,80.94
11-Apr-12,30.87,1.0295,80.88
12-Apr-12,30.74,1.0441,80.87
13-Apr-12,30.73,1.0372,80.99
16-Apr-12,30.77,1.034,80.46
17-Apr-12,30.79,1.0405,80.72
18-Apr-12,30.86,1.0367,81.29
19-Apr-12,30.87,1.0337,81.57
20-Apr-12,30.88,1.0375,81.6
23-Apr-12,31,1.0299,81.16
24-Apr-12,30.91,1.0299,81.21
25-Apr-12,30.92,1.0333,81.33
26-Apr-12,30.82,1.0383,80.78
27-Apr-12,30.72,1.0447,80.48
30-Apr-12,30.74,1.041,79.81
1-May-12,30.7,1.0345,80.17
2-May-12,30.85,1.0304,80.19
3-May-12,30.95,1.026,80.36
4-May-12,30.92,1.019,79.84
7-May-12,30.99,1.0201,79.88
8-May-12,31,1.0117,79.79
9-May-12,31.06,1.0066,79.64
10-May-12,31.11,1.0113,79.91
11-May-12,31.17,1.0065,79.86
14-May-12,31.35,0.9998,79.83
15-May-12,31.33,0.9977,80.09
16-May-12,31.36,0.9933,80.32
17-May-12,31.32,0.9925,79.26
18-May-12,31.31,0.9819,79.14
21-May-12,31.35,0.9853,79.31
22-May-12,31.36,0.9874,79.98
23-May-12,31.56,0.9709,79.33
24-May-12,31.53,0.9774,79.47
25-May-12,31.64,0.9778,79.64
28-May-12, , , 
29-May-12,31.73,0.9825,79.44
30-May-12,31.85,0.9733,78.93
31-May-12,31.83,0.9711,78.29
1-Jun-12,31.62,0.9688,78.21
4-Jun-12,31.43,0.9719,78.3
5-Jun-12,31.56,0.9722,78.57
6-Jun-12,31.47,0.9905,79.11
7-Jun-12,31.7,0.9936,79.67
8-Jun-12,31.61,0.9869,79.47
11-Jun-12,31.62,0.9925,79.5
12-Jun-12,31.54,0.9925,79.44
13-Jun-12,31.5,0.9973,79.35
14-Jun-12,31.51,0.9989,79.29
15-Jun-12,31.45,1.0057,78.65
18-Jun-12,31.44,1.0088,78.95
19-Jun-12,31.38,1.0196,78.92
20-Jun-12,31.53,1.0194,79.54
21-Jun-12,31.78,1.0095,80.18
22-Jun-12,31.79,1.0059,80.52
25-Jun-12,31.83,0.9981,79.5
26-Jun-12,31.87,1.0046,79.46
27-Jun-12,31.86,1.0071,79.83
28-Jun-12,31.87,1.0025,79.35
29-Jun-12,31.56,1.0236,79.81
2-Jul-12,31.54,1.0239,79.42
3-Jul-12,31.37,1.0294,79.77
4-Jul-12, , , 
5-Jul-12,31.55,1.0291,79.95
6-Jul-12,31.7,1.0187,79.61
9-Jul-12,31.72,1.0176,79.66
10-Jul-12,31.68,1.0218,79.44
11-Jul-12,31.7,1.0252,79.7
12-Jul-12,31.78,1.0131,79.29
13-Jul-12,31.58,1.0212,79.2
16-Jul-12,31.57,1.0236,78.8
17-Jul-12,31.66,1.0281,79.04
18-Jul-12,31.7,1.0347,78.79
19-Jul-12,31.55,1.0423,78.6
20-Jul-12,31.65,1.0383,78.49
23-Jul-12,31.72,1.027,78.38
24-Jul-12,31.76,1.0253,78.19
25-Jul-12,31.62,1.0275,78.21
26-Jul-12,31.56,1.039,78.24
27-Jul-12,31.52,1.0441,78.55
30-Jul-12,31.56,1.0489,78.2
31-Jul-12,31.49,1.0522,78.1
1-Aug-12,31.55,1.0518,78.19
2-Aug-12,31.59,1.0451,78.22
3-Aug-12,31.48,1.0566,78.6
6-Aug-12,31.44,1.0591,78.17
7-Aug-12,31.45,1.0571,78.71
8-Aug-12,31.46,1.0573,78.44
9-Aug-12,31.45,1.0567,78.64
10-Aug-12,31.43,1.0569,78.24
13-Aug-12,31.43,1.0507,78.34
14-Aug-12,31.4,1.0506,78.82
15-Aug-12,31.49,1.0509,78.89
16-Aug-12,31.45,1.0505,79.25
17-Aug-12,31.47,1.0427,79.5
20-Aug-12,31.48,1.0457,79.41
21-Aug-12,31.39,1.0493,79.43
22-Aug-12,31.38,1.0446,79.19
23-Aug-12,31.14,1.0479,78.46
24-Aug-12,31.17,1.0411,78.65
27-Aug-12,31.25,1.0387,78.67
28-Aug-12,31.29,1.0383,78.5
29-Aug-12,31.32,1.0366,78.72
30-Aug-12,31.38,1.0301,78.55
31-Aug-12,31.24,1.0334,78.3
3-Sep-12, , , 
4-Sep-12,31.2,1.023,78.35
5-Sep-12,31.23,1.0195,78.34
6-Sep-12,31.17,1.0288,78.96
7-Sep-12,31.04,1.039,78.14
10-Sep-12,31.04,1.0363,78.24
11-Sep-12,31.03,1.0442,77.78
12-Sep-12,30.99,1.0453,77.86
13-Sep-12,30.99,1.0449,77.41
14-Sep-12,30.74,1.0561,78.22
17-Sep-12,30.8,1.049,78.68
18-Sep-12,30.79,1.0446,78.59
19-Sep-12,30.79,1.048,78.4
20-Sep-12,30.85,1.041,78.3
21-Sep-12,30.77,1.0469,78.17
24-Sep-12,30.92,1.0417,77.9
25-Sep-12,30.88,1.0445,77.91
26-Sep-12,31.01,1.0357,77.78
27-Sep-12,30.88,1.044,77.62
28-Sep-12,30.82,1.0388,77.92
1-Oct-12,30.73,1.0374,78
2-Oct-12,30.67,1.0292,78.01
3-Oct-12,30.67,1.0218,78.57
4-Oct-12,30.55,1.0229,78.44
5-Oct-12,30.55,1.0218,78.66
8-Oct-12, , , 
9-Oct-12,30.68,1.0188,78.23
10-Oct-12,30.7,1.0242,78.26
11-Oct-12,30.68,1.0261,78.44
12-Oct-12,30.69,1.0228,78.31
15-Oct-12,30.73,1.0245,78.76
16-Oct-12,30.66,1.027,78.92
17-Oct-12,30.59,1.038,78.74
18-Oct-12,30.62,1.0397,79.24
19-Oct-12,30.73,1.0328,79.26
22-Oct-12,30.7,1.0318,79.84
23-Oct-12,30.76,1.0249,79.79
24-Oct-12,30.72,1.0335,79.82
25-Oct-12,30.67,1.0349,80.04
26-Oct-12,30.69,1.0358,79.63
29-Oct-12,30.73,1.0329,79.81
30-Oct-12,30.68,1.037,79.58
31-Oct-12,30.68,1.037,79.94
1-Nov-12,30.71,1.0402,80.14
2-Nov-12,30.76,1.0367,80.53
5-Nov-12,30.81,1.037,80.17
6-Nov-12,30.74,1.0438,80.28
7-Nov-12,30.71,1.0408,79.85
8-Nov-12,30.67,1.0429,79.74
9-Nov-12,30.62,1.0395,79.46
12-Nov-12, , , 
13-Nov-12,30.65,1.0434,79.42
14-Nov-12,30.67,1.0397,80.2
15-Nov-12,30.71,1.0315,81.16
16-Nov-12,30.73,1.0318,81.28
19-Nov-12,30.66,1.0406,81.18
20-Nov-12,30.67,1.0383,81.72
21-Nov-12,30.69,1.0344,82.36
22-Nov-12, , , 
23-Nov-12,30.67,1.0451,82.34
26-Nov-12,30.67,1.045,82.11
27-Nov-12,30.65,1.0461,82.23
28-Nov-12,30.71,1.047,81.84
29-Nov-12,30.69,1.0423,82.06
30-Nov-12,30.7,1.0429,82.54
3-Dec-12,30.64,1.0433,82.24
4-Dec-12,30.66,1.0477,81.86
5-Dec-12,30.67,1.046,82.4
6-Dec-12,30.65,1.0491,82.29
7-Dec-12,30.63,1.0486,82.37
10-Dec-12,30.64,1.0492,82.37
11-Dec-12,30.61,1.0518,82.42
12-Dec-12,30.59,1.0539,83.1
13-Dec-12,30.61,1.0529,83.54
14-Dec-12,30.58,1.0555,83.52
17-Dec-12,30.58,1.0548,83.7
18-Dec-12,30.59,1.0527,84
19-Dec-12,30.59,1.0497,84.32
20-Dec-12,30.61,1.0478,84.33
21-Dec-12,30.59,1.042,84.1
24-Dec-12,30.6,1.037,84.81
25-Dec-12, , , 
26-Dec-12,30.64,1.035,85.62
27-Dec-12,30.65,1.036,86.06
28-Dec-12,30.59,1.0384,86.12
31-Dec-12,30.59,1.0393,86.64
1-Jan-13, , , 
2-Jan-13,30.32,1.0492,87.1
3-Jan-13,30.33,1.0515,86.92
4-Jan-13,30.48,1.0454,88.14
7-Jan-13,30.46,1.0479,87.68
8-Jan-13,30.41,1.0486,87.31
9-Jan-13,30.36,1.0518,87.9
10-Jan-13,30.25,1.0579,88.16
11-Jan-13,30.28,1.0538,89.22
14-Jan-13,30.23,1.0561,89.34
15-Jan-13,29.94,1.0559,88.65
16-Jan-13,29.8,1.0563,88.64
17-Jan-13,29.78,1.054,89.41
18-Jan-13,29.71,1.0495,89.9
21-Jan-13, , , 
22-Jan-13,29.71,1.0557,88.62
23-Jan-13,29.79,1.0555,88.44
24-Jan-13,29.81,1.0467,90.04
25-Jan-13,29.96,1.0421,91.04
28-Jan-13,29.93,1.0401,90.73
29-Jan-13,29.76,1.0466,90.65
30-Jan-13,29.7,1.0422,91.05
31-Jan-13,29.85,1.0433,91.28
1-Feb-13,29.77,1.0412,92.54
4-Feb-13,29.76,1.0422,92.57
5-Feb-13,29.74,1.0389,93.34
6-Feb-13,29.76,1.0322,93.56
7-Feb-13,29.78,1.0285,93.24
8-Feb-13,29.79,1.0319,92.72
11-Feb-13,29.83,1.0286,93.44
12-Feb-13,29.85,1.0308,93.14
13-Feb-13,29.82,1.0345,93.39
14-Feb-13,29.79,1.0349,93.1
15-Feb-13,29.85,1.0304,93.64
18-Feb-13, , , 
19-Feb-13,29.88,1.035,93.54
20-Feb-13,29.83,1.0286,93.53
21-Feb-13,29.93,1.0251,92.96
22-Feb-13,29.82,1.0318,93.35
25-Feb-13,29.81,1.0284,93.35
26-Feb-13,29.81,1.0208,91.38
27-Feb-13,29.82,1.0202,91.88
28-Feb-13,29.76,1.0241,92.36
1-Mar-13,29.78,1.021,93.38
4-Mar-13,29.83,1.0164,93.32
5-Mar-13,29.79,1.0237,93.39
6-Mar-13,29.74,1.0248,93.64
7-Mar-13,29.73,1.0263,95
8-Mar-13,29.73,1.0227,96
11-Mar-13,29.72,1.0264,96.12
12-Mar-13,29.58,1.0317,95.96
13-Mar-13,29.62,1.0294,96
14-Mar-13,29.62,1.0387,96.16
15-Mar-13,29.51,1.0398,95.26
18-Mar-13,29.5,1.0393,94.92
19-Mar-13,29.26,1.0363,94.85
20-Mar-13,29.11,1.0389,95.51
21-Mar-13,29.17,1.0439,95.06
22-Mar-13,29.28,1.0447,94.48
25-Mar-13,29.29,1.0452,94.34
26-Mar-13,29.3,1.0484,94.22
27-Mar-13,29.27,1.0435,94.38
28-Mar-13,29.3,1.0427,94.02
29-Mar-13,29.26,1.0409,94.16
1-Apr-13,29.29,1.0421,93.3
2-Apr-13,29.4,1.0457,93.43
3-Apr-13,29.31,1.0481,92.96
4-Apr-13,29.31,1.0397,96.12
5-Apr-13,29.24,1.0385,96.86
8-Apr-13,29.24,1.0389,98.9
9-Apr-13,28.96,1.049,99.02
10-Apr-13,28.98,1.0539,99.61
11-Apr-13,29,1.0564,99.42
12-Apr-13,29.04,1.0503,98.98
15-Apr-13,29.07,1.0393,98
16-Apr-13,28.96,1.0366,97.86
17-Apr-13,28.82,1.0306,97.74
18-Apr-13,28.66,1.0301,98.22
19-Apr-13,28.6,1.0297,99.28
22-Apr-13,28.69,1.0255,99.29
23-Apr-13,28.83,1.0262,99.43
24-Apr-13,28.94,1.0256,99.39
25-Apr-13,29.17,1.0308,99.42
26-Apr-13,29.24,1.0275,97.84
29-Apr-13,29.25,1.0348,98.09
30-Apr-13,29.26,1.0372,97.52
1-May-13,29.31,1.0285,97.28
2-May-13,29.44,1.026,97.96
3-May-13,29.68,1.0313,99.1
6-May-13,29.56,1.0248,99.35
7-May-13,29.6,1.0162,99
8-May-13,29.31,1.0183,98.9
9-May-13,29.45,1.0192,99.29
10-May-13,29.8,0.9987,101.74
13-May-13,29.67,0.9965,101.84
14-May-13,29.66,0.9903,102.18
15-May-13,29.78,0.9884,102.44
16-May-13,29.72,0.9846,102.22
17-May-13,29.85,0.9737,102.98
20-May-13,29.78,0.9788,102.54
21-May-13,29.8,0.98,102.36
22-May-13,29.8,0.9686,103.52
23-May-13,29.9,0.9759,101.66
24-May-13,29.94,0.9675,100.98
27-May-13, , , 
28-May-13,30.04,0.9642,102.07
29-May-13,30.15,0.9632,100.91
30-May-13,30.14,0.9662,101.06
31-May-13,30.38,0.9608,100.83
3-Jun-13,30.31,0.977,99.18
4-Jun-13,30.42,0.964,100.15
5-Jun-13,30.5,0.9533,99.16
6-Jun-13,30.56,0.9592,97.76
7-Jun-13,30.63,0.9494,97.2
10-Jun-13,30.76,0.9469,98.88
11-Jun-13,30.95,0.9421,96.82
12-Jun-13,30.92,0.9513,95.36
13-Jun-13,30.77,0.9601,94.29
14-Jun-13,30.56,0.9587,94.34
17-Jun-13,30.65,0.9541,94.87
18-Jun-13,30.88,0.9493,95.2
19-Jun-13,30.68,0.9536,95.22
20-Jun-13,31.12,0.9188,98.18
21-Jun-13,31.16,0.9191,97.48
24-Jun-13,31.08,0.9236,97.7
25-Jun-13,31.06,0.9248,97.87
26-Jun-13,31.1,0.9291,97.43
27-Jun-13,31.12,0.9282,98.4
28-Jun-13,31.09,0.9165,99.21
1-Jul-13,30.9,0.9247,99.62
2-Jul-13,30.97,0.9158,100.43
3-Jul-13,31.09,0.9087,99.82
4-Jul-13, , , 
5-Jul-13,31.24,0.907,100.94
8-Jul-13,31.41,0.9114,101.07
9-Jul-13,31.27,0.9161,101.08
10-Jul-13,31.23,0.9145,100.1
11-Jul-13,31.14,0.9149,98.8
12-Jul-13,31.14,0.9049,99.39
15-Jul-13,31.12,0.9086,100.04
16-Jul-13,31.04,0.9226,99.37
17-Jul-13,31.04,0.9209,99.7
18-Jul-13,31.02,0.9152,100.6
19-Jul-13,31,0.92,100.3
22-Jul-13,30.92,0.9252,99.6
23-Jul-13,30.93,0.9259,99.76
24-Jul-13,30.98,0.9186,100.21
25-Jul-13,31.05,0.9192,99.56
26-Jul-13,31.14,0.9242,98.24
29-Jul-13,31.14,0.921,97.8
30-Jul-13,31.27,0.906,98.02
31-Jul-13,31.34,0.8957,98.35
1-Aug-13,31.31,0.8919,99.3
2-Aug-13,31.23,0.8901,99.04
5-Aug-13,31.35,0.8914,98.54
6-Aug-13,31.4,0.8972,97.85
7-Aug-13,31.37,0.9014,96.72
8-Aug-13,31.16,0.9111,96.03
9-Aug-13,31.19,0.9187,96.24
12-Aug-13,31.2,0.9177,96.44
13-Aug-13,31.26,0.9093,98.06
14-Aug-13,31.24,0.914,98.15
15-Aug-13,31.27,0.9105,97.81
16-Aug-13,31.25,0.9193,97.6
19-Aug-13,31.36,0.9132,97.94
20-Aug-13,31.6,0.9094,97.12
21-Aug-13,31.86,0.9013,97.66
22-Aug-13,32.02,0.9026,98.53
23-Aug-13,31.87,0.9038,98.57
26-Aug-13,31.92,0.9039,98.64
27-Aug-13,32.15,0.8964,97.3
28-Aug-13,32.16,0.8949,97.65
29-Aug-13,32.12,0.8924,98.46
30-Aug-13,32.13,0.8901,98.22
2-Sep-13, , , 
3-Sep-13,32.14,0.9055,99.43
4-Sep-13,32.13,0.9187,99.61
5-Sep-13,32.31,0.9132,100.08
6-Sep-13,32.17,0.9205,99.04
9-Sep-13,32.08,0.9233,99.55
10-Sep-13,32.12,0.9289,100.22
11-Sep-13,31.91,0.9312,100.08
12-Sep-13,31.61,0.9271,99.24
13-Sep-13,31.81,0.9243,99.38
16-Sep-13,31.66,0.9331,98.98
17-Sep-13,31.68,0.9364,99.16
18-Sep-13,31.65,0.9344,99.04
19-Sep-13,31.03,0.9444,99.33
20-Sep-13,31.04,0.9397,99.38
23-Sep-13,31.18,0.9444,98.76
24-Sep-13,31.27,0.9404,98.76
25-Sep-13,31.22,0.9386,98.62
26-Sep-13,31.16,0.9354,98.95
27-Sep-13,31.28,0.9324,98.3
30-Sep-13,31.24,0.9342,98.29
1-Oct-13,31.21,0.9387,98.05
2-Oct-13,31.26,0.9366,97.36
3-Oct-13,31.28,0.9382,97.08
4-Oct-13,31.27,0.9443,97.2
7-Oct-13,31.36,0.9436,97.02
8-Oct-13,31.36,0.9449,96.94
9-Oct-13,31.44,0.9434,97.23
10-Oct-13,31.35,0.9466,98.09
11-Oct-13,31.29,0.9473,98.42
14-Oct-13, , , 
15-Oct-13,31.25,0.9523,98.58
16-Oct-13,31.24,0.9529,98.9
17-Oct-13,30.98,0.9642,97.85
18-Oct-13,31.06,0.9671,97.77
21-Oct-13,31.12,0.9662,98.14
22-Oct-13,31.03,0.9705,98.18
23-Oct-13,31.17,0.9632,97.28
24-Oct-13,31.12,0.9601,97.36
25-Oct-13,31.04,0.9578,97.46
28-Oct-13,31.05,0.9569,97.7
29-Oct-13,31.01,0.9498,98.09
30-Oct-13,31.04,0.9491,98.14
31-Oct-13,31.14,0.9471,98.1
1-Nov-13,31.22,0.9438,98.78
4-Nov-13,31.29,0.951,98.62
5-Nov-13,31.26,0.9487,98.6
6-Nov-13,31.26,0.9518,98.6
7-Nov-13,31.33,0.9469,98.56
8-Nov-13,31.46,0.9381,99.03
11-Nov-13, , , 
12-Nov-13,31.59,0.929,99.65
13-Nov-13,31.53,0.9324,99.31
14-Nov-13,31.55,0.9321,99.93
15-Nov-13,31.57,0.9365,100.17
18-Nov-13,31.58,0.94,100.04
19-Nov-13,31.62,0.9412,100.14
20-Nov-13,31.68,0.9369,100.02
21-Nov-13,31.82,0.9249,100.95
22-Nov-13,31.81,0.9163,101.29
25-Nov-13,32.02,0.9148,101.7
26-Nov-13,32.05,0.912,101.38
27-Nov-13,32.15,0.9072,102.18
28-Nov-13, , , 
29-Nov-13,32.07,0.9125,102.45
2-Dec-13,32.13,0.9098,103.04
3-Dec-13,32.17,0.9123,102.36
4-Dec-13,32.23,0.9009,102.48
5-Dec-13,32.22,0.9069,101.82
6-Dec-13,32.22,0.9091,102.88
9-Dec-13,32.14,0.9084,103.22
10-Dec-13,32.07,0.915,102.8
11-Dec-13,32.08,0.9066,102.38
12-Dec-13,32.08,0.8925,103.11
13-Dec-13,32.02,0.8961,103.28
16-Dec-13,32.01,0.8969,102.91
17-Dec-13,32.11,0.8903,102.63
18-Dec-13,32.27,0.8884,103.18
19-Dec-13,32.48,0.8858,104.16
20-Dec-13,32.6,0.8918,104.07
23-Dec-13,32.7,0.894,104.06
24-Dec-13,32.67,0.892,104.26
25-Dec-13, , , 
26-Dec-13,32.82,0.8885,104.72
27-Dec-13,32.85,0.8886,105.05
30-Dec-13,32.81,0.8922,105
31-Dec-13,32.68,0.8929,105.25
1-Jan-14, , , 
2-Jan-14,32.97,0.8924,104.84
3-Jan-14,32.98,0.8976,104.46
6-Jan-14,33.06,0.8961,104.38
7-Jan-14,33.08,0.8923,104.54
8-Jan-14,33.05,0.8909,104.87
9-Jan-14,33.02,0.8886,104.74
10-Jan-14,32.99,0.8985,104.06
13-Jan-14,32.96,0.9053,103.31
14-Jan-14,32.72,0.898,103.8
15-Jan-14,32.85,0.8925,104.42
16-Jan-14,32.76,0.8802,104.32
17-Jan-14,32.81,0.8778,104.32
20-Jan-14, , , 
21-Jan-14,32.88,0.8801,104.14
22-Jan-14,32.91,0.8839,104.36
23-Jan-14,32.87,0.8774,103.65
24-Jan-14,32.84,0.8715,102.41
27-Jan-14,32.91,0.8735,102.26
28-Jan-14,32.91,0.877,102.8
29-Jan-14,32.9,0.8763,102.2
30-Jan-14,32.97,0.8771,102.83
31-Jan-14,33.01,0.8743,102.28
3-Feb-14,32.91,0.8777,101.11
4-Feb-14,32.74,0.8935,101.62
5-Feb-14,32.73,0.8911,101.38
6-Feb-14,32.78,0.8967,101.84
7-Feb-14,32.8,0.8959,102.32
10-Feb-14,32.8,0.8944,102.14
11-Feb-14,32.74,0.9045,102.63
12-Feb-14,32.53,0.9028,102.48
13-Feb-14,32.55,0.8979,102.2
14-Feb-14,32.32,0.9023,101.82
17-Feb-14, , , 
18-Feb-14,32.46,0.9039,102.31
19-Feb-14,32.54,0.9027,102.3
20-Feb-14,32.57,0.8981,102.32
21-Feb-14,32.52,0.8961,102.71
24-Feb-14,32.52,0.9042,102.44
25-Feb-14,32.54,0.9025,102.2
26-Feb-14,32.58,0.8962,102.36
27-Feb-14,32.59,0.896,102.12
28-Feb-14,32.52,0.8933,102.08
3-Mar-14,32.53,0.8929,101.36
4-Mar-14,32.32,0.894,102.18
5-Mar-14,32.27,0.8984,102.32
6-Mar-14,32.25,0.91,103.03
7-Mar-14,32.36,0.9071,103.38
10-Mar-14,32.38,0.9021,103.23
11-Mar-14,32.28,0.902,103.18
12-Mar-14,32.39,0.8972,102.74
13-Mar-14,32.33,0.9058,102.12
14-Mar-14,32.25,0.904,101.46
17-Mar-14,32.21,0.9092,101.62
18-Mar-14,32.1,0.9134,101.37
19-Mar-14,32.16,0.9103,101.54
20-Mar-14,32.38,0.9042,102.39
21-Mar-14,32.38,0.909,102.38
24-Mar-14,32.47,0.9126,102.21
25-Mar-14,32.58,0.9147,102.32
26-Mar-14,32.57,0.9225,102.3
27-Mar-14,32.48,0.9262,102.1
28-Mar-14,32.49,0.9239,102.92
31-Mar-14,32.42,0.9275,102.98
1-Apr-14,32.34,0.9252,103.52
2-Apr-14,32.4,0.9236,103.82
3-Apr-14,32.47,0.9219,103.94
4-Apr-14,32.46,0.9292,103.39
7-Apr-14,32.46,0.9265,103.04
8-Apr-14,32.26,0.9356,102.12
9-Apr-14,32.2,0.9368,101.85
10-Apr-14,32.23,0.9424,101.43
11-Apr-14,32.26,0.9401,101.56
14-Apr-14,32.26,0.9409,101.81
15-Apr-14,32.3,0.9342,101.6
16-Apr-14,32.23,0.938,102.3
17-Apr-14,32.16,0.9339,102.22
18-Apr-14,32.16,0.933,102.43
21-Apr-14,32.23,0.9337,102.56
22-Apr-14,32.31,0.9365,102.6
23-Apr-14,32.35,0.9283,102.26
24-Apr-14,32.36,0.9257,102.34
25-Apr-14,32.25,0.9272,102.12
28-Apr-14,32.26,0.9254,102.46
29-Apr-14,32.25,0.9266,102.57
30-Apr-14,32.36,0.9282,102.14
1-May-14,32.36,0.9275,102.3
2-May-14,32.36,0.9257,102.34
5-May-14,32.35,0.9276,102.06
6-May-14,32.35,0.936,101.57
7-May-14,32.37,0.9336,101.72
8-May-14,32.51,0.9382,101.66
9-May-14,32.61,0.9358,101.74
12-May-14,32.62,0.9364,102.1
13-May-14,32.61,0.9369,102.2
14-May-14,32.41,0.9379,101.75
15-May-14,32.49,0.9346,101.44
16-May-14,32.49,0.9367,101.5
19-May-14,32.47,0.9343,101.26
20-May-14,32.51,0.9259,101.26
21-May-14,32.49,0.9215,101.44
22-May-14,32.56,0.9222,101.76
23-May-14,32.55,0.9235,101.88
26-May-14, , , 
27-May-14,32.63,0.924,102.14
28-May-14,32.68,0.9227,101.78
29-May-14,32.78,0.9289,101.58
30-May-14,32.84,0.9298,101.77
2-Jun-14,32.85,0.925,102.3
3-Jun-14,32.6,0.9255,102.42
4-Jun-14,32.66,0.9269,102.69
5-Jun-14,32.63,0.9321,102.44
6-Jun-14,32.48,0.9328,102.5
9-Jun-14,32.44,0.9347,102.52
10-Jun-14,32.46,0.9365,102.37
11-Jun-14,32.46,0.9391,101.94
12-Jun-14,32.44,0.943,101.83
13-Jun-14,32.37,0.9396,102.06
16-Jun-14,32.35,0.94,101.82
17-Jun-14,32.48,0.934,102.18
18-Jun-14,32.47,0.934,102.16
19-Jun-14,32.47,0.9406,101.84
20-Jun-14,32.45,0.9387,102.14
23-Jun-14,32.45,0.9417,101.9
24-Jun-14,32.44,0.938,102.13
25-Jun-14,32.44,0.9398,101.75
26-Jun-14,32.48,0.9405,101.66
27-Jun-14,32.45,0.9413,101.39
30-Jun-14,32.43,0.9427,101.28
1-Jul-14,32.39,0.9488,101.51
2-Jul-14,32.38,0.9444,101.76
3-Jul-14,32.38,0.9358,102.19
4-Jul-14, , , 
7-Jul-14,32.4,0.9371,101.84
8-Jul-14,32.38,0.94,101.53
9-Jul-14,32.19,0.9396,101.7
10-Jul-14,32.17,0.9387,101.26
11-Jul-14,32.13,0.9383,101.33
14-Jul-14,32.13,0.9392,101.58
15-Jul-14,32.11,0.9366,101.62
16-Jul-14,32.09,0.9362,101.69
17-Jul-14,32.16,0.9372,101.3
18-Jul-14,32.12,0.9386,101.37
21-Jul-14,31.89,0.9377,101.34
22-Jul-14,31.74,0.9388,101.54
23-Jul-14,31.81,0.945,101.5
24-Jul-14,31.83,0.9419,101.82
25-Jul-14,31.82,0.9404,101.81
28-Jul-14,31.8,0.941,101.82
29-Jul-14,31.83,0.9378,102.12
30-Jul-14,31.97,0.9315,102.9
31-Jul-14,32.18,0.9301,102.75
1-Aug-14,32.14,0.9304,102.45
4-Aug-14,32.16,0.9328,102.47
5-Aug-14,32.21,0.9301,102.77
6-Aug-14,32.21,0.9327,102.34
7-Aug-14,32.22,0.9283,102.06
8-Aug-14,32.13,0.9277,101.91
11-Aug-14,32.06,0.9263,102.14
12-Aug-14,32.06,0.927,102.22
13-Aug-14,31.95,0.9302,102.48
14-Aug-14,31.84,0.9322,102.44
15-Aug-14,31.86,0.9306,102.19
18-Aug-14,31.83,0.933,102.54
19-Aug-14,31.88,0.9311,102.86
20-Aug-14,31.96,0.9306,103.36
21-Aug-14,31.97,0.9302,103.78
22-Aug-14,31.95,0.9309,103.97
25-Aug-14,31.97,0.9296,103.96
26-Aug-14,31.92,0.932,104.12
27-Aug-14,31.9,0.9335,103.98
28-Aug-14,31.94,0.9352,103.78
29-Aug-14,31.94,0.9344,104
1-Sep-14, , , 
2-Sep-14,32.11,0.9276,105.1
3-Sep-14,32.03,0.9341,104.88
4-Sep-14,32.07,0.9361,105.22
5-Sep-14,31.98,0.9376,104.94
8-Sep-14,32.04,0.93,105.65
9-Sep-14,32.09,0.9207,106.32
10-Sep-14,32.14,0.9153,106.76
11-Sep-14,32.19,0.9115,106.87
12-Sep-14,32.2,0.9047,107.24
15-Sep-14,32.27,0.9027,107.18
16-Sep-14,32.21,0.9096,106.91
17-Sep-14,32.24,0.9028,107.58
18-Sep-14,32.27,0.8984,108.69
19-Sep-14,32.19,0.8935,108.96
22-Sep-14,32.24,0.8876,108.88
23-Sep-14,32.21,0.8853,108.82
24-Sep-14,32.23,0.887,108.92
25-Sep-14,32.28,0.8796,108.7
26-Sep-14,32.35,0.8761,109.32
29-Sep-14,32.37,0.8738,109.34
30-Sep-14,32.43,0.8737,109.66
1-Oct-14,32.43,0.8734,109.3
2-Oct-14,32.42,0.8793,108.1
3-Oct-14,32.62,0.8675,109.7
6-Oct-14,32.6,0.8747,109.08
7-Oct-14,32.57,0.8808,108.3
8-Oct-14,32.6,0.8751,108.41
9-Oct-14,32.42,0.8778,108
10-Oct-14,32.41,0.8719,107.83
13-Oct-14, , , 
14-Oct-14,32.47,0.8727,107.15
15-Oct-14,32.42,0.8794,106.06
16-Oct-14,32.4,0.8766,105.98
17-Oct-14,32.42,0.8761,106.72
20-Oct-14,32.27,0.8786,106.87
21-Oct-14,32.24,0.8797,106.7
22-Oct-14,32.32,0.8793,107.32
23-Oct-14,32.34,0.8773,108.16
24-Oct-14,32.38,0.8812,108.06
27-Oct-14,32.42,0.8799,107.71
28-Oct-14,32.42,0.8848,108
29-Oct-14,32.44,0.8904,108.1
30-Oct-14,32.53,0.8825,108.94
31-Oct-14,32.58,0.8791,112.09
3-Nov-14,32.7,0.8701,113.92
4-Nov-14,32.67,0.8729,113.44
5-Nov-14,32.83,0.8592,114.62
6-Nov-14,32.85,0.858,114.87
7-Nov-14,32.78,0.862,114.73
10-Nov-14,32.83,0.8625,114.78
11-Nov-14, , , 
12-Nov-14,32.82,0.8735,115.42
13-Nov-14,32.77,0.873,115.63
14-Nov-14,32.8,0.8737,116.52
17-Nov-14,32.78,0.8718,116.44
18-Nov-14,32.73,0.8726,116.76
19-Nov-14,32.8,0.8623,117.7
20-Nov-14,32.81,0.861,118.14
21-Nov-14,32.78,0.8674,117.74
24-Nov-14,32.83,0.8615,118.39
25-Nov-14,32.79,0.852,117.99
26-Nov-14,32.76,0.8534,117.6
27-Nov-14, , , 
28-Nov-14,32.85,0.8524,118.7
1-Dec-14,32.75,0.8521,118.14
2-Dec-14,32.85,0.8457,119.1
3-Dec-14,32.88,0.8417,119.82
4-Dec-14,32.88,0.8405,119.67
5-Dec-14,33,0.833,121.38
8-Dec-14,33.02,0.8296,120.89
9-Dec-14,32.88,0.8341,118.87
10-Dec-14,32.81,0.8305,118.5
11-Dec-14,32.81,0.8265,119.4
12-Dec-14,32.81,0.8268,118.22
15-Dec-14,32.98,0.8232,117.75
16-Dec-14,32.97,0.822,117.28
17-Dec-14,32.92,0.8173,117.64
18-Dec-14,32.86,0.8168,118.84
19-Dec-14,32.85,0.8128,119.56
22-Dec-14,32.89,0.8141,119.84
23-Dec-14,32.9,0.8097,120.68
24-Dec-14,32.88,0.8109,120.45
25-Dec-14, , , 
26-Dec-14, , , 
29-Dec-14,32.94,0.8146,120.57
30-Dec-14,32.86,0.8199,119.34
31-Dec-14,32.9,0.8173,119.85
1-Jan-15, , , 
2-Jan-15,32.94,0.8118,120.2
5-Jan-15,32.95,0.8095,119.64
6-Jan-15,32.86,0.8118,118.26
7-Jan-15,32.87,0.8049,119.52
8-Jan-15,32.86,0.8126,119.51
9-Jan-15,32.85,0.8191,118.66
12-Jan-15,32.87,0.8165,118.32
13-Jan-15,32.85,0.8164,118.16
14-Jan-15,32.75,0.8163,116.78
15-Jan-15,32.75,0.8212,116.95
16-Jan-15,32.53,0.8194,117.45
19-Jan-15, , , 
20-Jan-15,32.7,0.8177,118.48
21-Jan-15,32.56,0.8101,117.86
22-Jan-15,32.53,0.8099,117.92
23-Jan-15,32.58,0.7935,117.8
26-Jan-15,32.55,0.7934,118.38
27-Jan-15,32.51,0.7939,117.62
28-Jan-15,32.55,0.7973,117.74
29-Jan-15,32.76,0.7758,118.31
30-Jan-15,32.74,0.7762,117.44
2-Feb-15,32.57,0.7818,117.33
3-Feb-15,32.61,0.7737,117.48
4-Feb-15,32.6,0.7761,117.58
5-Feb-15,32.59,0.7803,117.4
6-Feb-15,32.62,0.7807,119.16
9-Feb-15,32.6,0.7813,118.7
10-Feb-15,32.63,0.7781,119.32
11-Feb-15,32.66,0.7713,120.38
12-Feb-15,32.6,0.7763,118.72
13-Feb-15,32.59,0.7772,118.7
16-Feb-15, , , 
17-Feb-15,32.59,0.7816,118.99
18-Feb-15,32.58,0.7778,119.19
19-Feb-15,32.55,0.781,118.84
20-Feb-15,32.54,0.7833,118.68
23-Feb-15,32.54,0.7807,118.88
24-Feb-15,32.55,0.7808,119.13
25-Feb-15,32.52,0.7898,118.88
26-Feb-15,32.35,0.7816,119.36
27-Feb-15,32.34,0.781,119.72
2-Mar-15,32.34,0.778,120.06
3-Mar-15,32.35,0.784,119.47
4-Mar-15,32.41,0.7821,119.76
5-Mar-15,32.42,0.7763,120.22
6-Mar-15,32.57,0.7712,120.93
9-Mar-15,32.59,0.7716,121.17
10-Mar-15,32.7,0.7637,121.2
11-Mar-15,32.88,0.7582,121.5
12-Mar-15,32.83,0.7705,121.28
13-Mar-15,32.92,0.7631,121.17
16-Mar-15,32.91,0.7656,121.3
17-Mar-15,32.94,0.7615,121.28
18-Mar-15,32.84,0.7653,120.92
19-Mar-15,32.76,0.7618,120.9
20-Mar-15,32.61,0.7759,120.28
23-Mar-15,32.49,0.7848,119.74
24-Mar-15,32.52,0.7869,119.9
25-Mar-15,32.49,0.7856,119.37
26-Mar-15,32.52,0.7836,119.01
27-Mar-15,32.53,0.7754,119.15
30-Mar-15,32.57,0.7645,120.11
31-Mar-15,32.55,0.7625,119.96
1-Apr-15,32.47,0.7615,119.62
2-Apr-15,32.46,0.7566,119.74
3-Apr-15,32.38,0.7645,118.96
6-Apr-15,32.42,0.7657,119.05
7-Apr-15,32.58,0.7646,120.36
8-Apr-15,32.57,0.7715,119.96
9-Apr-15,32.54,0.7706,120.32
10-Apr-15,32.51,0.7674,120.29
13-Apr-15,32.53,0.7579,120.32
14-Apr-15,32.46,0.7638,119.26
15-Apr-15,32.43,0.761,119.23
16-Apr-15,32.41,0.7796,119.18
17-Apr-15,32.32,0.7776,119.02
20-Apr-15,32.39,0.7727,119.27
21-Apr-15,32.35,0.7741,119.45
22-Apr-15,32.37,0.7771,119.9
23-Apr-15,32.43,0.7782,119.69
24-Apr-15,32.57,0.7825,118.98
27-Apr-15,32.6,0.7859,119.12
28-Apr-15,32.62,0.8017,118.8
29-Apr-15,32.87,0.8065,118.83
30-Apr-15,33.03,0.7867,119.86
1-May-15,33.2,0.7813,120.21
4-May-15,33.31,0.7839,120.25
5-May-15,33.34,0.7941,119.87
6-May-15,33.25,0.8005,119.42
7-May-15,33.55,0.7914,119.74
8-May-15,33.54,0.7914,119.78
11-May-15,33.71,0.7899,120.05
12-May-15,33.7,0.7989,119.8
13-May-15,33.51,0.8118,119.09
14-May-15,33.5,0.8082,119.2
15-May-15,33.48,0.8053,119.36
18-May-15,33.39,0.8001,119.82
19-May-15,33.49,0.7918,120.58
20-May-15,33.61,0.7877,121.28
21-May-15,33.4,0.7888,121.06
22-May-15,33.48,0.7828,121.45
25-May-15, , , 
26-May-15,33.73,0.7738,123.08
27-May-15,33.78,0.7712,123.76
28-May-15,33.78,0.7631,124.18
29-May-15,33.65,0.7659,123.98
1-Jun-15,33.69,0.7613,124.64
2-Jun-15,33.74,0.7748,124.19
3-Jun-15,33.62,0.7803,124.06
4-Jun-15,33.74,0.7673,124.56
5-Jun-15,33.86,0.7622,125.58
8-Jun-15,33.81,0.765,125.08
9-Jun-15,33.73,0.7685,124.16
10-Jun-15,33.59,0.7749,122.72
11-Jun-15,33.69,0.7726,123.62
12-Jun-15,33.67,0.7742,123.23
15-Jun-15,33.68,0.7767,123.38
16-Jun-15,33.69,0.7753,123.39
17-Jun-15,33.75,0.7667,124.25
18-Jun-15,33.61,0.7831,122.87
19-Jun-15,33.64,0.7758,122.7
22-Jun-15,33.68,0.7745,123.28
23-Jun-15,33.76,0.7739,123.71
24-Jun-15,33.79,0.7689,124.24
25-Jun-15,33.75,0.7741,123.63
26-Jun-15,33.78,0.765,123.92
29-Jun-15,33.75,0.7677,122.5
30-Jun-15,33.79,0.7704,122.1
1-Jul-15,33.81,0.7664,123.02
2-Jul-15,33.79,0.763,123.14
3-Jul-15, , , 
6-Jul-15,33.82,0.7521,122.53
7-Jul-15,33.97,0.7435,122.16
8-Jul-15,33.94,0.7445,120.54
9-Jul-15,33.92,0.7438,121.22
10-Jul-15,33.92,0.7427,122.75
13-Jul-15,34.01,0.7407,123.35
14-Jul-15,34.03,0.745,123.39
15-Jul-15,34.15,0.7366,123.89
16-Jul-15,34.18,0.743,124.04
17-Jul-15,34.19,0.7371,124
20-Jul-15,34.42,0.738,124.24
21-Jul-15,34.42,0.7429,123.93
22-Jul-15,34.71,0.7368,124.08
23-Jul-15,34.81,0.7375,123.88
24-Jul-15,34.89,0.7279,123.74
27-Jul-15,34.84,0.7304,123.24
28-Jul-15,34.84,0.7325,123.52
29-Jul-15,34.96,0.7307,123.86
30-Jul-15,35.18,0.7278,124.38
31-Jul-15,34.94,0.7332,123.94
3-Aug-15,35,0.7277,123.98
4-Aug-15,35.06,0.7419,124
5-Aug-15,35.16,0.7346,124.84
6-Aug-15,35.14,0.7343,124.6
7-Aug-15,35.1,0.7393,124.27
10-Aug-15,35.1,0.7404,124.55
11-Aug-15,35.1,0.7288,124.9
12-Aug-15,35.23,0.7375,123.87
13-Aug-15,35.18,0.7361,124.32
14-Aug-15,35.23,0.7376,124.27
17-Aug-15,35.5,0.7386,124.33
18-Aug-15,35.63,0.7334,124.39
19-Aug-15,35.59,0.7316,124.1
20-Aug-15,35.59,0.7357,123.54
21-Aug-15,35.6,0.7343,122.11
24-Aug-15,35.69,0.7202,118.56
25-Aug-15,35.48,0.7183,119.91
26-Aug-15,35.59,0.7087,119.07
27-Aug-15,35.66,0.7179,120.89
28-Aug-15,35.83,0.7129,121.32
31-Aug-15,35.81,0.71,121.26
1-Sep-15,35.74,0.7036,119.94
2-Sep-15,35.75,0.7011,120
3-Sep-15,35.85,0.7025,120.2
4-Sep-15,35.94,0.6917,119.05
7-Sep-15, , , 
8-Sep-15,36.08,0.7023,119.72
9-Sep-15,36.07,0.7024,120.94
10-Sep-15,36.08,0.7086,120.71
11-Sep-15,36.04,0.7074,120.66
14-Sep-15,36.04,0.7137,119.92
15-Sep-15,35.93,0.7092,120.3
16-Sep-15,35.86,0.7186,120.62
17-Sep-15,35.76,0.7147,120.9
18-Sep-15,35.54,0.7222,119.85
21-Sep-15,35.83,0.7125,120.46
22-Sep-15,36.08,0.7078,120.04
23-Sep-15,36.18,0.7004,120.12
24-Sep-15,36.28,0.6998,119.54
25-Sep-15,36.14,0.7014,120.74
28-Sep-15,36.29,0.7005,119.82
29-Sep-15,36.39,0.7007,119.76
30-Sep-15,36.37,0.702,119.81
1-Oct-15,36.48,0.7044,119.58
2-Oct-15,36.46,0.7025,119.42
5-Oct-15,36.28,0.7088,120.36
6-Oct-15,36.24,0.7143,120.18
7-Oct-15,35.82,0.7213,119.9
8-Oct-15,35.86,0.7225,119.94
9-Oct-15,35.51,0.7328,120.3
12-Oct-15, , , 
13-Oct-15,35.59,0.7283,119.8
14-Oct-15,35.39,0.7256,119.21
15-Oct-15,35.14,0.7316,118.26
16-Oct-15,35.26,0.7261,119.6
19-Oct-15,35.44,0.7254,119.5
20-Oct-15,35.42,0.7256,119.79
21-Oct-15,35.66,0.7226,119.91
22-Oct-15,35.55,0.722,120.5
23-Oct-15,35.57,0.7215,121.2
26-Oct-15,35.42,0.7262,120.87
27-Oct-15,35.49,0.7233,120.29
28-Oct-15,35.38,0.7143,120.56
29-Oct-15,35.68,0.7081,121.14
30-Oct-15,35.62,0.7133,120.7
2-Nov-15,35.62,0.7141,120.7
3-Nov-15,35.62,0.7173,121.2
4-Nov-15,35.52,0.7148,121.52
5-Nov-15,35.62,0.7148,121.71
6-Nov-15,35.62,0.7034,123.2
9-Nov-15,35.9,0.7046,123.04
10-Nov-15,35.86,0.703,123.22
11-Nov-15, , , 
12-Nov-15,35.86,0.7116,122.84
13-Nov-15,35.94,0.7118,122.93
16-Nov-15,35.96,0.7085,123.11
17-Nov-15,35.99,0.7115,123.48
18-Nov-15,35.98,0.7078,123.51
19-Nov-15,35.74,0.7208,122.71
20-Nov-15,35.71,0.7233,122.8
23-Nov-15,35.83,0.7188,123.02
24-Nov-15,35.75,0.7241,122.47
25-Nov-15,35.64,0.7246,122.7
26-Nov-15, , , 
27-Nov-15,35.88,0.7192,122.84
30-Nov-15,35.75,0.7235,123.22
1-Dec-15,35.75,0.732,122.88
2-Dec-15,35.75,0.7309,123.52
3-Dec-15,35.75,0.731,123.06
4-Dec-15,35.75,0.7346,123.1
7-Dec-15,35.89,0.7268,123.31
8-Dec-15,35.94,0.7211,123
9-Dec-15,35.92,0.7204,121.86
10-Dec-15,36.03,0.7299,121.44
11-Dec-15,36.15,0.7214,120.94
14-Dec-15,36.09,0.7258,120.57
15-Dec-15,36.01,0.7176,121.66
16-Dec-15,35.97,0.7207,121.88
17-Dec-15,36.17,0.71,122.75
18-Dec-15,36.08,0.7197,121.2
21-Dec-15,36.15,0.7172,120.99
22-Dec-15,36.08,0.7231,120.94
23-Dec-15,36.06,0.7221,120.94
24-Dec-15,36.03,0.7269,120.32
25-Dec-15, , , 
28-Dec-15,36.08,0.7262,120.3
29-Dec-15,36.08,0.7293,120.44
30-Dec-15,36.05,0.7284,120.6
31-Dec-15,36.08,0.7286,120.27
1-Jan-16, , , 
4-Jan-16,36.15,0.7166,119.3
5-Jan-16,36.12,0.7151,118.95
6-Jan-16,36.23,0.707,118.54
7-Jan-16,36.21,0.7025,118
8-Jan-16,36.32,0.6976,117.74
11-Jan-16,36.29,0.6992,117.48
12-Jan-16,36.33,0.6975,117.78
13-Jan-16,36.33,0.6996,118.06
14-Jan-16,36.33,0.698,118.03
15-Jan-16,36.33,0.6864,116.78
18-Jan-16, , , 
19-Jan-16,36.29,0.6929,117.66
20-Jan-16,36.29,0.6855,116.38
21-Jan-16,36.18,0.7003,117.61
22-Jan-16,35.99,0.7014,118.37
25-Jan-16,35.89,0.697,118.55
26-Jan-16,35.83,0.7005,118.5
27-Jan-16,35.77,0.7074,118.9
28-Jan-16,35.78,0.7085,118.61
29-Jan-16,35.67,0.7071,121.05
1-Feb-16,35.58,0.7084,121.06
2-Feb-16,35.75,0.7058,120.27
3-Feb-16,35.77,0.7134,117.92
4-Feb-16,35.55,0.7216,116.75
5-Feb-16,35.56,0.7084,116.99
8-Feb-16,35.51,0.7103,115.7
9-Feb-16,35.39,0.7065,114.8
10-Feb-16,35.31,0.7089,114.03
11-Feb-16,35.22,0.7096,111.72
12-Feb-16,35.59,0.7098,112.96
15-Feb-16, , , 
16-Feb-16,35.65,0.7103,113.9
17-Feb-16,35.6,0.7168,114.14
18-Feb-16,35.58,0.715,113.62
19-Feb-16,35.73,0.7125,112.42
22-Feb-16,35.73,0.7238,113.12
23-Feb-16,35.71,0.7209,112.17
24-Feb-16,35.68,0.7177,111.36
25-Feb-16,35.66,0.7208,112.7
26-Feb-16,35.73,0.713,113.78
29-Feb-16,35.61,0.7152,112.9
1-Mar-16,35.59,0.7172,113.94
2-Mar-16,35.54,0.7268,113.81
3-Mar-16,35.43,0.736,113.53
4-Mar-16,35.34,0.7425,113.91
7-Mar-16,35.41,0.7467,113.6
8-Mar-16,35.36,0.7451,112.58
9-Mar-16,35.26,0.7528,113.06
10-Mar-16,35.22,0.7444,113.1
11-Mar-16,35.05,0.7572,113.66
14-Mar-16,35.1,0.7515,113.59
15-Mar-16,35.11,0.7465,112.88
16-Mar-16,35.05,0.7435,113.69
17-Mar-16,34.76,0.7637,111.3
18-Mar-16,34.88,0.7618,111.38
21-Mar-16,34.9,0.7594,111.62
22-Mar-16,34.95,0.7625,111.82
23-Mar-16,35.26,0.7533,112.63
24-Mar-16,35.32,0.7516,112.64
25-Mar-16,35.28,0.7518,113.05
28-Mar-16,35.34,0.7549,113.29
29-Mar-16,35.39,0.7567,113.33
30-Mar-16,35.24,0.7667,112.6
31-Mar-16,35.09,0.7677,112.42
1-Apr-16,35.18,0.7672,112.06
4-Apr-16,35.23,0.7614,111.18
5-Apr-16,35.28,0.7519,110.26
6-Apr-16,35.22,0.7613,109.63
7-Apr-16,35.18,0.7504,107.98
8-Apr-16,35.1,0.7554,108.36
11-Apr-16,35.04,0.7599,107.96
12-Apr-16,34.97,0.7659,108.54
13-Apr-16,35.03,0.7649,109.21
14-Apr-16,35.09,0.7705,109.2
15-Apr-16,35.01,0.7717,108.76
18-Apr-16,34.98,0.7746,108.85
19-Apr-16,34.83,0.7806,109.16
20-Apr-16,34.84,0.7817,109.51
21-Apr-16,35.06,0.7758,109.41
22-Apr-16,35.06,0.7713,111.5
25-Apr-16,35.07,0.7717,111.08
26-Apr-16,35.12,0.7741,111.23
27-Apr-16,35.12,0.7594,111.26
28-Apr-16,35,0.7635,108.55
29-Apr-16,34.91,0.7612,106.9
2-May-16,34.84,0.7641,106.48
3-May-16,34.94,0.7492,106.34
4-May-16,35.11,0.7454,107.12
5-May-16,35.17,0.7465,107.32
6-May-16,35.13,0.7358,106.66
9-May-16,35.2,0.7323,108.39
10-May-16,35.21,0.7351,109.22
11-May-16,35.21,0.7398,108.48
12-May-16,35.32,0.7314,108.73
13-May-16,35.47,0.7273,109.14
16-May-16,35.39,0.73,108.89
17-May-16,35.5,0.7352,109.02
18-May-16,35.6,0.7285,109.65
19-May-16,35.72,0.7213,109.81
20-May-16,35.71,0.7215,110.52
23-May-16,35.68,0.7203,109.47
24-May-16,35.73,0.7184,110
25-May-16,35.68,0.7186,110.22
26-May-16,35.59,0.7227,109.74
27-May-16,35.68,0.7205,109.86
30-May-16, , , 
31-May-16,35.68,0.7242,110.75
1-Jun-16,35.7,0.7242,109.55
2-Jun-16,35.62,0.7225,108.75
3-Jun-16,35.34,0.7339,106.88
6-Jun-16,35.27,0.7362,107.33
7-Jun-16,35.21,0.7452,107.3
8-Jun-16,35.14,0.7479,106.68
9-Jun-16,35.14,0.7431,106.54
10-Jun-16,35.18,0.7395,107.06
13-Jun-16,35.17,0.7394,106.07
14-Jun-16,35.3,0.736,106.02
15-Jun-16,35.27,0.7404,105.87
16-Jun-16,35.32,0.7312,104.05
17-Jun-16,35.23,0.7385,104.2
20-Jun-16,35.19,0.7458,104.32
21-Jun-16,35.25,0.7461,104.56
22-Jun-16,35.16,0.7491,104.56
23-Jun-16,35.15,0.7598,105.9
24-Jun-16,35.32,0.7451,102.26
27-Jun-16,35.34,0.7357,101.66
28-Jun-16,35.26,0.7353,102.71
29-Jun-16,35.16,0.7444,102.68
30-Jun-16,35.15,0.7432,102.77
1-Jul-16,35.03,0.7485,102.55
4-Jul-16, , , 
5-Jul-16,35.16,0.7456,101.58
6-Jul-16,35.22,0.7511,101.12
7-Jul-16,35.21,0.7488,100.74
8-Jul-16,35.2,0.7559,100.65
11-Jul-16,35.15,0.7534,102.66
12-Jul-16,35.22,0.7631,104.72
13-Jul-16,35.2,0.7624,104.1
14-Jul-16,35.01,0.7632,105.4
15-Jul-16,34.94,0.7587,105.64
18-Jul-16,34.94,0.7597,106
19-Jul-16,35.02,0.7496,106.13
20-Jul-16,35.04,0.7486,106.65
21-Jul-16,34.96,0.7497,105.98
22-Jul-16,34.94,0.7453,106.22
25-Jul-16,35.03,0.7458,106.02
26-Jul-16,34.98,0.7516,104.83
27-Jul-16,34.94,0.746,105.65
28-Jul-16,34.85,0.7511,104.86
29-Jul-16,34.78,0.7599,102.32
1-Aug-16,34.75,0.7567,102.26
2-Aug-16,34.76,0.7611,100.82
3-Aug-16,34.96,0.7592,101.34
4-Aug-16,34.89,0.7637,101.08
5-Aug-16,35.04,0.7615,101.74
